cat,stream,next_stream,prev_str01,prev_str02,strahler,horton,shreve,hack,topo_dim,scheidegger,drwal_old,length,stright,sinosoid,cum_length,flow_accum,out_dist,source_elev,outlet_elev,elev_drop,out_drop,gradient
1,1,33,0,0,1,2,1,2,45,2,1,2435.011615,2221.681674,1.096022,2435.011615,10875.458466,123499.015944,842.916321,572.929871,269.986938,0.000488,0.110877
1,1,33,0,0,1,2,1,2,45,2,1,2435.011615,2221.681674,1.096022,2435.011615,10875.458466,123499.015944,842.916321,572.929871,269.986938,0.000488,0.110877
2,2,18,0,0,1,3,1,2,32,2,1,1544.78312,1358.735249,1.136927,1544.78312,7363.301239,77310.647547,779.271545,633.690063,146.583191,1.001709,0.094889
2,2,18,0,0,1,3,1,2,32,2,1,1544.78312,1358.735249,1.136927,1544.78312,7363.301239,77310.647547,779.271545,633.690063,146.583191,1.001709,0.094889
3,3,123,0,0,1,1,1,3,43,2,1,4610.607726,3789.137498,1.216796,4610.607726,20635.475724,110650.512008,753.0271,430.005249,323.022125,0.000275,0.070061
3,3,123,0,0,1,1,1,3,43,2,1,4610.607726,3789.137498,1.216796,4610.607726,20635.475724,110650.512008,753.0271,430.005249,323.022125,0.000275,0.070061
4,4,33,0,0,1,1,1,3,45,2,1,1054.999292,928.317965,1.136463,1054.999292,9221.760393,122119.003621,730.012634,573.808899,157.083252,0.879517,0.148894
4,4,33,0,0,1,1,1,3,45,2,1,1054.999292,928.317965,1.136463,1054.999292,9221.760393,122119.003621,730.012634,573.808899,157.083252,0.879517,0.148894
5,5,69,0,0,1,1,1,3,53,2,1,6481.180856,4819.202361,1.344866,6481.180856,11315.047963,137779.544037,725.298157,485.03186,241.577362,1.311066,0.037274
5,5,69,0,0,1,1,1,3,53,2,1,6481.180856,4819.202361,1.344866,6481.180856,11315.047963,137779.544037,725.298157,485.03186,241.577362,1.311066,0.037274
6,6,80,0,0,1,1,1,3,36,2,1,1589.291784,1437.223316,1.105807,1589.291784,4111.703659,97829.956436,718.541687,473.088318,249.254333,3.800964,0.156834
6,6,80,0,0,1,1,1,3,36,2,1,1589.291784,1437.223316,1.105807,1589.291784,4111.703659,97829.956436,718.541687,473.088318,249.254333,3.800964,0.156834
7,7,18,0,0,1,1,1,3,32,2,1,643.621705,597.237248,1.077665,643.621705,3612.510727,76409.486131,700.06543,634.21344,67.377075,1.525085,0.104684
7,7,18,0,0,1,1,1,3,32,2,1,643.621705,597.237248,1.077665,643.621705,3612.510727,76409.486131,700.06543,634.21344,67.377075,1.525085,0.104684
8,8,23,0,0,1,2,1,3,32,2,1,1905.247687,1352.053326,1.409151,1905.247687,12470.733818,76956.587337,689.000061,616.872437,72.75415,0.626526,0.038186
8,8,23,0,0,1,2,1,3,32,2,1,1905.247687,1352.053326,1.409151,1905.247687,12470.733818,76956.587337,689.000061,616.872437,72.75415,0.626526,0.038186
9,9,46,0,0,1,2,1,3,55,2,1,2800.004745,2291.910099,1.22169,2800.004745,14655.654626,140841.938893,667.722656,537.074463,130.648682,0.000488,0.04666
9,9,46,0,0,1,2,1,3,55,2,1,2800.004745,2291.910099,1.22169,2800.004745,14655.654626,140841.938893,667.722656,537.074463,130.648682,0.000488,0.04666
10,10,71,0,0,1,1,1,2,51,2,1,5836.005194,4712.196331,1.238489,5836.005194,18988.200037,137526.532891,666.6828,478.901489,187.781952,0.000641,0.032176
10,10,71,0,0,1,1,1,2,51,2,1,5836.005194,4712.196331,1.238489,5836.005194,18988.200037,137526.532891,666.6828,478.901489,187.781952,0.000641,0.032176
11,11,44,0,0,1,4,1,1,54,2,1,4777.254317,3264.807811,1.463257,4777.254317,15317.868839,146113.183767,663.532593,539.914368,123.973328,0.355103,0.025951
11,11,44,0,0,1,4,1,1,54,2,1,4777.254317,3264.807811,1.463257,4777.254317,15317.868839,146113.183767,663.532593,539.914368,123.973328,0.355103,0.025951
13,13,32,0,0,1,2,1,2,37,2,1,4436.7798,2892.928126,1.533664,4436.7798,23392.168842,104372.206256,662.545898,578.561462,84.298523,0.314087,0.019
13,13,32,0,0,1,2,1,2,37,2,1,4436.7798,2892.928126,1.533664,4436.7798,23392.168842,104372.206256,662.545898,578.561462,84.298523,0.314087,0.019
14,14,42,0,0,1,1,1,3,30,2,1,621.755862,561.152785,1.107997,621.755862,40107.367467,73229.803748,654.420288,549.987,104.433777,0.000488,0.167966
14,14,42,0,0,1,1,1,3,30,2,1,621.755862,561.152785,1.107997,621.755862,40107.367467,73229.803748,654.420288,549.987,104.433777,0.000488,0.167966
15,15,23,0,0,1,1,1,4,32,2,1,475.099322,475.099322,1,475.099322,7181.977828,75526.438972,654.293945,618.293701,38.048035,2.047791,0.080084
15,15,23,0,0,1,1,1,4,32,2,1,475.099322,475.099322,1,475.099322,7181.977828,75526.438972,654.293945,618.293701,38.048035,2.047791,0.080084
16,16,116,0,0,1,1,1,3,46,2,1,4026.179192,2645.372752,1.52197,4026.179192,9831.402084,124662.245634,647.148621,440.014679,208.581604,1.447662,0.051806
16,16,116,0,0,1,1,1,3,46,2,1,4026.179192,2645.372752,1.52197,4026.179192,9831.402084,124662.245634,647.148621,440.014679,208.581604,1.447662,0.051806
18,18,35,7,2,2,3,2,2,31,4,2,2015.353878,1735.821092,1.161038,3560.136999,20078.051672,75765.864426,632.688354,569.694885,62.993958,0.000488,0.031257
18,18,35,7,2,2,3,2,2,31,4,2,2015.353878,1735.821092,1.161038,3560.136999,20078.051672,75765.864426,632.688354,569.694885,62.993958,0.000488,0.031257
19,19,32,0,0,1,1,1,3,37,2,1,775.593739,696.832334,1.113028,775.593739,4636.608697,100711.020195,622.593323,579.796021,44.345947,1.548645,0.057177
19,19,32,0,0,1,1,1,3,37,2,1,775.593739,696.832334,1.113028,775.593739,4636.608697,100711.020195,622.593323,579.796021,44.345947,1.548645,0.057177
20,20,84,0,0,1,1,1,2,50,2,1,4911.102143,3954.759501,1.241821,4911.102143,11192.615062,133050.54997,620.711731,463.425415,157.578674,0.292358,0.032086
20,20,84,0,0,1,1,1,2,50,2,1,4911.102143,3954.759501,1.241821,4911.102143,11192.615062,133050.54997,620.711731,463.425415,157.578674,0.292358,0.032086
21,21,284,0,0,1,1,1,2,36,2,1,5590.952362,4092.409998,1.366176,5590.952362,17975.820551,95544.254133,618.223145,238.026306,382.255783,2.058945,0.06837
21,21,284,0,0,1,1,1,2,36,2,1,5590.952362,4092.409998,1.366176,5590.952362,17975.820551,95544.254133,618.223145,238.026306,382.255783,2.058945,0.06837
22,22,112,0,0,1,2,1,3,26,2,1,5012.928185,2808.493872,1.784917,5012.928185,17788.161151,65545.868246,616.940674,443.961731,174.660187,1.681244,0.034842
22,22,112,0,0,1,2,1,3,26,2,1,5012.928185,2808.493872,1.784917,5012.928185,17788.161151,65545.868246,616.940674,443.961731,174.660187,1.681244,0.034842
23,23,35,15,8,2,2,2,3,31,4,2,1300.829103,1178.621835,1.103687,3206.076789,21585.475673,75051.339651,616.245911,571.60791,46.551514,1.913513,0.035786
23,23,35,15,8,2,2,2,3,31,4,2,1300.829103,1178.621835,1.103687,3206.076789,21585.475673,75051.339651,616.245911,571.60791,46.551514,1.913513,0.035786
24,24,102,0,0,1,1,1,2,49,2,1,4321.046231,3234.90349,1.335757,4321.046231,6650.961562,128691.077598,615.792603,449.887024,166.726379,0.820801,0.038585
24,24,102,0,0,1,1,1,2,49,2,1,4321.046231,3234.90349,1.335757,4321.046231,6650.961562,128691.077598,615.792603,449.887024,166.726379,0.820801,0.038585
25,25,58,0,0,1,3,1,2,55,2,1,5570.185334,3726.194794,1.494872,5570.185334,16545.272458,143004.72629,612.608643,506.843811,106.929688,1.164856,0.019197
25,25,58,0,0,1,3,1,2,55,2,1,5570.185334,3726.194794,1.494872,5570.185334,16545.272458,143004.72629,612.608643,506.843811,106.929688,1.164856,0.019197
26,26,98,0,0,1,3,1,2,44,2,1,4140.813947,3015.091671,1.373363,4140.813947,18805.261982,112771.443513,609.256226,457.085846,152.589783,0.419403,0.03685
26,26,98,0,0,1,3,1,2,44,2,1,4140.813947,3015.091671,1.373363,4140.813947,18805.261982,112771.443513,609.256226,457.085846,152.589783,0.419403,0.03685
27,27,88,0,0,1,1,1,3,29,2,1,1015.019192,813.101967,1.24833,1015.019192,18302.063985,70583.636879,594.515991,459.909546,139.97113,5.364685,0.1379
27,27,88,0,0,1,1,1,3,29,2,1,1015.019192,813.101967,1.24833,1015.019192,18302.063985,70583.636879,594.515991,459.909546,139.97113,5.364685,0.1379
28,28,117,0,0,1,1,1,3,28,2,1,1540.254556,1281.420586,1.20199,1540.254556,9238.533799,70403.404596,594.475586,436.462585,158.529388,0.516388,0.102924
28,28,117,0,0,1,1,1,3,28,2,1,1540.254556,1281.420586,1.20199,1540.254556,9238.533799,70403.404596,594.475586,436.462585,158.529388,0.516388,0.102924
29,29,101,0,0,1,1,1,3,49,2,1,4940.149321,3789.87286,1.303513,4940.149321,11433.030234,130060.478834,592.517883,451.010132,141.96402,0.456268,0.028737
29,29,101,0,0,1,1,1,3,49,2,1,4940.149321,3789.87286,1.303513,4940.149321,11433.030234,130060.478834,592.517883,451.010132,141.96402,0.456268,0.028737
30,30,395,0,0,1,1,1,3,20,2,1,5392.605822,4404.78287,1.224261,5392.605822,16620.54511,52694.711538,585.43042,139.845306,446.60849,1.023376,0.082819
30,30,395,0,0,1,1,1,3,20,2,1,5392.605822,4404.78287,1.224261,5392.605822,16620.54511,52694.711538,585.43042,139.845306,446.60849,1.023376,0.082819
31,31,46,0,0,1,1,1,4,55,2,1,1246.164496,1120.44179,1.112208,1246.164496,5458.450714,139288.098644,580.888855,537.074646,43.81488,0.000671,0.03516
31,31,46,0,0,1,1,1,4,55,2,1,1246.164496,1120.44179,1.112208,1246.164496,5458.450714,139288.098644,580.888855,537.074646,43.81488,0.000671,0.03516
32,32,80,19,13,2,2,2,2,36,4,2,3694.761804,3154.324867,1.171332,8131.541604,38340.311564,99935.426456,578.247375,469.849182,108.960022,0.561829,0.02949
32,32,80,19,13,2,2,2,2,36,4,2,3694.761804,3154.324867,1.171332,8131.541604,38340.311564,99935.426456,578.247375,469.849182,108.960022,0.561829,0.02949
33,33,162,1,4,2,2,2,2,44,4,2,4630.597776,4048.337593,1.143827,7065.609391,20114.948972,121064.004329,572.929382,410.268219,163.229858,0.568695,0.03525
33,33,162,1,4,2,2,2,2,44,4,2,4630.597776,4048.337593,1.143827,7065.609391,20114.948972,121064.004329,572.929382,410.268219,163.229858,0.568695,0.03525
34,34,70,0,0,1,1,1,3,52,2,1,3623.858733,3008.730833,1.204448,3623.858733,10469.190007,134524.43002,572.905701,484.337616,95.595001,7.026917,0.026379
34,34,70,0,0,1,1,1,3,52,2,1,3623.858733,3008.730833,1.204448,3623.858733,10469.190007,134524.43002,572.905701,484.337616,95.595001,7.026917,0.026379
35,35,42,23,18,3,3,4,2,30,8,3,1142.462662,1055.776271,1.082107,4702.59966,25811.936579,73750.510548,569.694397,549.987183,19.707886,0.000671,0.01725
35,35,42,23,18,3,3,4,2,30,8,3,1142.462662,1055.776271,1.082107,4702.59966,25811.936579,73750.510548,569.694397,549.987183,19.707886,0.000671,0.01725
36,36,169,0,0,1,2,1,2,32,2,1,1160.576919,1030.734535,1.125971,1160.576919,8111.682735,77104.476,566.454224,396.994537,170.118347,0.658661,0.146581
36,36,169,0,0,1,2,1,2,32,2,1,1160.576919,1030.734535,1.125971,1160.576919,8111.682735,77104.476,566.454224,396.994537,170.118347,0.658661,0.146581
37,37,198,0,0,1,1,1,3,27,2,1,1258.97321,1122.30557,1.121774,1258.97321,7912.204015,67393.021576,564.253967,363.956451,203.86145,3.563934,0.161927
37,37,198,0,0,1,1,1,3,27,2,1,1258.97321,1122.30557,1.121774,1258.97321,7912.204015,67393.021576,564.253967,363.956451,203.86145,3.563934,0.161927
38,38,44,0,0,1,1,1,2,54,2,1,630.812991,584.2651,1.079669,630.812991,4174.335534,141966.742441,560.796448,540.450928,21.237183,0.891663,0.033666
38,38,44,0,0,1,1,1,2,54,2,1,630.812991,584.2651,1.079669,630.812991,4174.335534,141966.742441,560.796448,540.450928,21.237183,0.891663,0.033666
39,39,45,0,0,1,1,1,2,53,2,1,881.171366,739.514568,1.191554,881.171366,3813.914005,141362.323857,560.144531,537.554626,22.590576,0.000671,0.025637
39,39,45,0,0,1,1,1,2,53,2,1,881.171366,739.514568,1.191554,881.171366,3813.914005,141362.323857,560.144531,537.554626,22.590576,0.000671,0.025637
40,40,58,0,0,1,1,1,3,55,2,1,1373.607966,1133.423894,1.21191,1373.607966,4711.168201,138808.148923,555.81543,507.452515,50.136475,1.77356,0.0365
40,40,58,0,0,1,1,1,3,55,2,1,1373.607966,1133.423894,1.21191,1373.607966,4711.168201,138808.148923,555.81543,507.452515,50.136475,1.77356,0.0365
41,41,50,0,0,1,2,1,3,48,2,1,753.727896,634.015407,1.188816,753.727896,2794.75936,127610.782713,552.480713,516.699036,38.43811,2.656433,0.050997
41,41,50,0,0,1,2,1,3,48,2,1,753.727896,634.015407,1.188816,753.727896,2794.75936,127610.782713,552.480713,516.699036,38.43811,2.656433,0.050997
42,42,88,35,14,3,3,5,2,29,10,3,3039.430199,2514.543477,1.20874,7742.029859,34653.572999,72608.047886,549.986511,460.120911,95.44165,5.57605,0.031401
42,42,88,35,14,3,3,5,2,29,10,3,3039.430199,2514.543477,1.20874,7742.029859,34653.572999,72608.047886,549.986511,460.120911,95.44165,5.57605,0.031401
43,43,98,0,0,1,1,1,3,44,2,1,2079.075613,1709.738318,1.21602,2079.075613,23300.947563,110709.705178,548.161011,456.725586,91.494568,0.059143,0.044007
43,43,98,0,0,1,1,1,3,44,2,1,2079.075613,1709.738318,1.21602,2079.075613,23300.947563,110709.705178,548.161011,456.725586,91.494568,0.059143,0.044007
44,44,45,38,11,2,4,2,1,53,4,2,854.776959,802.754542,1.064805,5632.031276,24655.444348,141335.929451,539.559265,537.554443,2.00531,0.000488,0.002346
44,44,45,38,11,2,4,2,1,53,4,2,854.776959,802.754542,1.064805,5632.031276,24655.444348,141335.929451,539.559265,537.554443,2.00531,0.000488,0.002346
45,45,56,39,44,2,4,3,1,52,6,2,3362.567437,2535.099986,1.326404,8994.598713,19739.625013,140481.152491,537.553955,509.434235,28.714905,0.595184,0.00854
45,45,56,39,44,2,4,3,1,52,6,2,3362.567437,2535.099986,1.326404,8994.598713,19739.625013,140481.152491,537.553955,509.434235,28.714905,0.595184,0.00854
46,46,63,9,31,2,2,2,3,54,4,2,4190.173011,3663.787058,1.143673,6990.177756,5726.962773,138041.934148,537.073975,491.546143,45.8367,0.308868,0.010939
46,46,63,9,31,2,2,2,3,54,4,2,4190.173011,3663.787058,1.143673,6990.177756,5726.962773,138041.934148,537.073975,491.546143,45.8367,0.308868,0.010939
47,47,50,0,0,1,1,1,4,48,2,1,626.284427,512.486678,1.22205,626.284427,9361.127691,127483.339243,536.790771,515.02478,22.748169,0.982178,0.036322
47,47,50,0,0,1,1,1,4,48,2,1,626.284427,512.486678,1.22205,626.284427,9361.127691,127483.339243,536.790771,515.02478,22.748169,0.982178,0.036322
48,48,56,0,0,1,1,1,2,52,2,1,912.094337,813.101967,1.121747,912.094337,17451.646978,138030.679391,532.865356,510.022308,24.026306,1.183258,0.026342
48,48,56,0,0,1,1,1,2,52,2,1,912.094337,813.101967,1.121747,912.094337,17451.646978,138030.679391,532.865356,510.022308,24.026306,1.183258,0.026342
49,49,180,0,0,1,1,1,3,41,2,1,3688.357447,3083.969293,1.195977,3688.357447,14084.370056,106724.283065,532.191711,391.27771,142.22702,1.313019,0.038561
49,49,180,0,0,1,1,1,3,41,2,1,3688.357447,3083.969293,1.195977,3688.357447,14084.370056,106724.283065,532.191711,391.27771,142.22702,1.313019,0.038561
50,50,111,47,41,2,2,2,3,47,4,2,3712.099082,2694.428126,1.377695,4465.826978,52906.748508,126857.054817,514.042603,446.055817,67.987427,0.000641,0.018315
50,50,111,47,41,2,2,2,3,47,4,2,3712.099082,2694.428126,1.377695,4465.826978,52906.748508,126857.054817,514.042603,446.055817,67.987427,0.000641,0.018315
51,51,129,0,0,1,2,1,3,42,2,1,1160.576919,1041.492655,1.11434,1160.576919,13508.938802,106416.607312,514.901245,425.791321,89.110382,0.000458,0.076781
51,51,129,0,0,1,2,1,3,42,2,1,1160.576919,1041.492655,1.11434,1160.576919,13508.938802,106416.607312,514.901245,425.791321,89.110382,0.000458,0.076781
52,52,112,0,0,1,1,1,4,26,2,1,894.757059,828.801184,1.07958,894.757059,3970.27712,61427.697119,514.301636,445.316284,72.021149,3.035797,0.080492
52,52,112,0,0,1,1,1,4,26,2,1,894.757059,828.801184,1.07958,894.757059,3970.27712,61427.697119,514.301636,445.316284,72.021149,3.035797,0.080492
53,53,126,0,0,1,1,1,3,42,2,1,1378.13653,1221.294044,1.128423,1378.13653,3755.61221,106646.975637,514.097534,427.766968,87.203552,0.872986,0.063276
53,53,126,0,0,1,1,1,3,42,2,1,1378.13653,1221.294044,1.128423,1378.13653,3755.61221,106646.975637,514.097534,427.766968,87.203552,0.872986,0.063276
54,54,105,0,0,1,1,1,3,48,2,1,2017.229671,1755.972096,1.148782,2017.229671,673.632003,126401.168566,513.909546,448.59906,66.258728,0.948242,0.032846
54,54,105,0,0,1,1,1,3,48,2,1,2017.229671,1755.972096,1.148782,2017.229671,673.632003,126401.168566,513.909546,448.59906,66.258728,0.948242,0.032846
55,55,115,0,0,1,1,1,2,47,2,1,5013.705163,4318.128174,1.161083,5013.705163,14312.147829,127842.704996,509.817474,440.187592,69.93335,0.303467,0.013948
55,55,115,0,0,1,1,1,2,47,2,1,5013.705163,4318.128174,1.161083,5013.705163,14312.147829,127842.704996,509.817474,440.187592,69.93335,0.303467,0.013948
56,56,71,48,45,2,4,4,1,51,8,3,5428.057357,4158.271043,1.305364,14422.65607,55105.423267,137118.585054,508.83905,478.901489,29.938202,0.000641,0.005515
56,56,71,48,45,2,4,4,1,51,8,3,5428.057357,4158.271043,1.305364,14422.65607,55105.423267,137118.585054,508.83905,478.901489,29.938202,0.000641,0.005515
58,58,63,40,25,2,3,2,2,54,4,2,3582.77982,3199.063077,1.119947,9152.965153,43434.395992,137434.540957,505.678955,491.369934,14.441681,0.13266,0.004031
58,58,63,40,25,2,3,2,2,54,4,2,3582.77982,3199.063077,1.119947,9152.965153,43434.395992,137434.540957,505.678955,491.369934,14.441681,0.13266,0.004031
59,59,129,0,0,1,1,1,4,42,2,1,1140.586869,942.099166,1.210687,1140.586869,6811.397552,106396.617262,506.412598,426.058228,80.621735,0.267365,0.070684
59,59,129,0,0,1,1,1,4,42,2,1,1140.586869,942.099166,1.210687,1140.586869,6811.397552,106396.617262,506.412598,426.058228,80.621735,0.267365,0.070684
61,61,89,0,0,1,1,1,4,45,2,1,646.274476,580.676949,1.112967,646.274476,2387.749377,118279.461069,500.385284,460.524353,43.253326,3.392395,0.066927
61,61,89,0,0,1,1,1,4,45,2,1,646.274476,580.676949,1.112967,646.274476,2387.749377,118279.461069,500.385284,460.524353,43.253326,3.392395,0.066927
63,63,69,46,58,3,3,4,2,53,8,3,2553.397956,2038.530105,1.252568,11706.363109,88524.629091,133851.761137,491.237274,483.721252,7.516479,0.000458,0.002944
63,63,69,46,58,3,3,4,2,53,8,3,2553.397956,2038.530105,1.252568,11706.363109,88524.629091,133851.761137,491.237274,483.721252,7.516479,0.000458,0.002944
64,64,157,0,0,1,1,1,2,45,2,1,4482.387278,3092.766795,1.449313,4482.387278,10467.112993,122337.662046,490.422638,417.4487,73.656158,0.68222,0.016432
64,64,157,0,0,1,1,1,2,45,2,1,4482.387278,3092.766795,1.449313,4482.387278,10467.112993,122337.662046,490.422638,417.4487,73.656158,0.68222,0.016432
67,67,346,0,0,1,1,1,3,23,2,1,3494.539471,2798.92741,1.248528,3494.539471,10952.283526,55021.170919,485.990845,177.581207,308.410095,0.000458,0.088255
67,67,346,0,0,1,1,1,3,23,2,1,3494.539471,2798.92741,1.248528,3494.539471,10952.283526,55021.170919,485.990845,177.581207,308.410095,0.000458,0.088255
68,68,85,0,0,1,1,1,3,51,2,1,1274.434696,1037.80713,1.228007,1274.434696,4686.425426,129095.595684,485.224854,461.303375,24.684967,0.763489,0.019369
68,68,85,0,0,1,1,1,3,51,2,1,1274.434696,1037.80713,1.228007,1274.434696,4686.425426,129095.595684,485.224854,461.303375,24.684967,0.763489,0.019369
69,69,70,5,63,3,3,5,2,52,10,3,397.791894,343.127288,1.159313,12104.155003,90397.608228,131298.363181,483.720795,482.021118,6.410095,4.710419,0.016114
69,69,70,5,63,3,3,5,2,52,10,3,397.791894,343.127288,1.159313,12104.155003,90397.608228,131298.363181,483.720795,482.021118,6.410095,4.710419,0.016114
70,70,85,34,69,3,3,6,2,51,12,3,3079.410298,2719.136362,1.132496,15183.565302,109591.55535,130900.571287,477.310699,460.558044,16.770813,0.018158,0.005446
70,70,85,34,69,3,3,6,2,51,12,3,3079.410298,2719.136362,1.132496,15183.565302,109591.55535,130900.571287,477.310699,460.558044,16.770813,0.018158,0.005446
71,71,84,10,56,2,4,5,1,50,10,3,3551.07987,2697.529033,1.31642,17973.73594,85401.514329,131690.527697,478.900848,463.133514,15.767792,0.000458,0.00444
71,71,84,10,56,2,4,5,1,50,10,3,3551.07987,2697.529033,1.31642,17973.73594,85401.514329,131690.527697,478.900848,463.133514,15.767792,0.000458,0.00444
72,72,89,0,0,1,2,1,3,45,2,1,1171.50984,1002.987457,1.16802,1171.50984,7934.062326,118804.696433,478.830566,458.101562,21.698608,0.969604,0.018522
72,72,89,0,0,1,2,1,3,45,2,1,1171.50984,1002.987457,1.16802,1171.50984,7934.062326,118804.696433,478.830566,458.101562,21.698608,0.969604,0.018522
73,73,336,0,0,1,1,1,2,31,2,1,4768.974167,3672.238931,1.298656,4768.974167,283252.884094,79578.690736,478.335938,190.181259,288.155334,0.000656,0.060423
73,73,336,0,0,1,1,1,2,31,2,1,4768.974167,3672.238931,1.298656,4768.974167,283252.884094,79578.690736,478.335938,190.181259,288.155334,0.000656,0.060423
74,74,106,0,0,1,1,1,2,48,2,1,2586.19672,2190.894758,1.180429,2586.19672,11899.984015,126569.369114,475.776337,446.509033,29.364594,0.09729,0.011354
74,74,106,0,0,1,1,1,2,48,2,1,2586.19672,2190.894758,1.180429,2586.19672,11899.984015,126569.369114,475.776337,446.509033,29.364594,0.09729,0.011354
75,75,214,0,0,1,1,1,4,25,2,1,3071.451984,2755.656968,1.114599,3071.451984,12950.919227,60866.233242,474.288605,328.083618,147.776428,1.571442,0.048113
75,75,214,0,0,1,1,1,4,25,2,1,3071.451984,2755.656968,1.114599,3071.451984,12950.919227,60866.233242,474.288605,328.083618,147.776428,1.571442,0.048113
76,76,90,0,0,1,1,1,3,50,2,1,731.862054,661.968354,1.105585,731.862054,3433.357433,127135.683391,474.120697,459.33255,16.218964,1.430817,0.022161
76,76,90,0,0,1,1,1,3,50,2,1,731.862054,661.968354,1.105585,731.862054,3433.357433,127135.683391,474.120697,459.33255,16.218964,1.430817,0.022161
77,77,122,0,0,1,3,1,2,43,2,1,2298.511017,1948.364955,1.179713,2298.511017,14923.276844,121418.386373,473.697662,430.092407,43.605713,0.000458,0.018971
77,77,122,0,0,1,3,1,2,43,2,1,2298.511017,1948.364955,1.179713,2298.511017,14923.276844,121418.386373,473.697662,430.092407,43.605713,0.000458,0.018971
78,78,169,0,0,1,1,1,3,32,2,1,780.122303,667.731543,1.168317,780.122303,4868.046039,76724.021384,471.088501,399.928925,74.752625,3.593048,0.095822
78,78,169,0,0,1,1,1,3,32,2,1,780.122303,667.731543,1.168317,780.122303,4868.046039,76724.021384,471.088501,399.928925,74.752625,3.593048,0.095822
79,79,194,0,0,1,1,1,3,39,2,1,4518.615792,3671.195371,1.23083,4518.615792,9606.026675,116366.255068,470.651337,366.258331,104.393646,0.000641,0.023103
79,79,194,0,0,1,1,1,3,39,2,1,4518.615792,3671.195371,1.23083,4518.615792,9606.026675,116366.255068,470.651337,366.258331,104.393646,0.000641,0.023103
80,80,285,6,32,2,2,3,2,35,6,2,7061.080827,5622.256471,1.255916,15192.62243,56534.176085,96240.664652,469.287354,236.523346,233.513947,0.749939,0.033071
80,80,285,6,32,2,2,3,2,35,6,2,7061.080827,5622.256471,1.255916,15192.62243,56534.176085,96240.664652,469.287354,236.523346,233.513947,0.749939,0.033071
81,81,248,0,0,1,2,1,2,12,2,1,2162.010419,1747.819999,1.236975,2162.010419,14941.343661,27751.109727,467.34021,277.628662,191.910675,2.199127,0.088765
81,81,248,0,0,1,2,1,2,12,2,1,2162.010419,1747.819999,1.236975,2162.010419,14941.343661,27751.109727,467.34021,277.628662,191.910675,2.199127,0.088765
82,82,127,0,0,1,1,1,2,46,2,1,820.102403,765.892737,1.07078,820.102403,3099.826628,120989.349673,463.730286,428.501831,36.683014,1.454559,0.04473
82,82,127,0,0,1,1,1,2,46,2,1,820.102403,765.892737,1.07078,820.102403,3099.826628,120989.349673,463.730286,428.501831,36.683014,1.454559,0.04473
83,83,158,0,0,1,1,1,3,42,2,1,2658.975583,1750.209909,1.519232,2658.975583,10218.952752,120506.292037,463.468719,414.212463,49.28653,0.030273,0.018536
83,83,158,0,0,1,1,1,3,42,2,1,2658.975583,1750.209909,1.519232,2658.975583,10218.952752,120506.292037,463.468719,414.212463,49.28653,0.030273,0.018536
84,84,102,20,71,2,4,6,1,49,12,3,3769.41646,2730.896502,1.380285,21743.1524,113143.774011,128139.447827,463.133057,449.175751,14.066833,0.109528,0.003732
84,84,102,20,71,2,4,6,1,49,12,3,3769.41646,2730.896502,1.380285,21743.1524,113143.774011,128139.447827,463.133057,449.175751,14.066833,0.109528,0.003732
85,85,90,70,68,3,3,7,2,50,14,3,1417.339651,1202.032697,1.179119,16600.904953,101416.873958,127821.160988,460.539886,457.902374,2.638153,0.000641,0.001861
85,85,90,70,68,3,3,7,2,50,14,3,1417.339651,1202.032697,1.179119,16600.904953,101416.873958,127821.160988,460.539886,457.902374,2.638153,0.000641,0.001861
87,87,120,0,0,1,1,1,3,45,2,1,856.652752,609.362199,1.405819,856.652752,99167.999641,119825.021169,460.08252,432.502472,27.580505,0.000458,0.032196
87,87,120,0,0,1,1,1,3,45,2,1,856.652752,609.362199,1.405819,856.652752,99167.999641,119825.021169,460.08252,432.502472,27.580505,0.000458,0.032196
88,88,117,27,42,3,3,6,2,28,12,3,705.467647,634.015407,1.112698,8447.497506,67214.190305,69568.617687,454.544861,435.946655,18.598663,0.000458,0.026364
88,88,117,27,42,3,3,6,2,28,12,3,705.467647,634.015407,1.112698,8447.497506,67214.190305,69568.617687,454.544861,435.946655,18.598663,0.000458,0.026364
89,89,133,72,61,2,2,2,3,44,4,2,1513.860149,1269.677965,1.192318,2685.36999,9952.781889,117633.186593,457.131958,424.090881,33.699341,0.658264,0.022261
89,89,133,72,61,2,2,2,3,44,4,2,1513.860149,1269.677965,1.192318,2685.36999,9952.781889,117633.186593,457.131958,424.090881,33.699341,0.658264,0.022261
90,90,101,76,85,3,3,8,2,49,16,4,1283.491824,1092.741191,1.174562,17884.396777,127598.039103,126403.821337,457.901733,450.706848,7.34787,0.152985,0.005725
90,90,101,76,85,3,3,8,2,49,16,4,1283.491824,1092.741191,1.174562,17884.396777,127598.039103,126403.821337,457.901733,450.706848,7.34787,0.152985,0.005725
97,97,181,0,0,1,1,1,3,40,2,1,588.957099,507.019997,1.161605,588.957099,3710.67578,102293.130643,457.477356,392.524445,67.535645,2.582733,0.11467
97,97,181,0,0,1,1,1,3,40,2,1,588.957099,507.019997,1.161605,588.957099,3710.67578,102293.130643,457.477356,392.524445,67.535645,2.582733,0.11467
98,98,123,26,43,2,3,2,2,43,4,2,2590.725284,2222.935622,1.165452,6731.539231,36946.020239,108630.629566,456.666443,430.461456,26.661469,0.456482,0.010291
98,98,123,26,43,2,3,2,2,43,4,2,2590.725284,2222.935622,1.165452,6731.539231,36946.020239,108630.629566,456.666443,430.461456,26.661469,0.456482,0.010291
99,99,122,0,0,1,1,1,3,43,2,1,1718.611047,1487.483484,1.155382,1718.611047,6026.956808,120838.486403,455.710999,430.09259,25.619049,0.000641,0.014907
99,99,122,0,0,1,1,1,3,43,2,1,1718.611047,1487.483484,1.155382,1718.611047,6026.956808,120838.486403,455.710999,430.09259,25.619049,0.000641,0.014907
100,100,152,0,0,1,1,1,3,43,2,1,832.911117,717.034556,1.161605,832.911117,8301.592316,115075.260073,452.809601,421.811981,30.998077,0.000458,0.037217
100,100,152,0,0,1,1,1,3,43,2,1,832.911117,717.034556,1.161605,832.911117,8301.592316,115075.260073,452.809601,421.811981,30.998077,0.000458,0.037217
101,101,105,29,90,3,3,9,2,48,18,4,736.390618,541.567948,1.359738,18620.787395,144542.956725,125120.329513,450.553864,447.651276,2.903046,0.000458,0.003942
101,101,105,29,90,3,3,9,2,48,18,4,736.390618,541.567948,1.359738,18620.787395,144542.956725,125120.329513,450.553864,447.651276,2.903046,0.000458,0.003942
102,102,106,24,84,2,4,7,1,48,14,3,386.858973,384.308363,1.006637,22130.011373,84520.236115,124370.031367,449.066223,446.750244,2.65448,0.338501,0.006862
102,102,106,24,84,2,4,7,1,48,14,3,386.858973,384.308363,1.006637,22130.011373,84520.236115,124370.031367,449.066223,446.750244,2.65448,0.338501,0.006862
103,103,170,0,0,1,1,1,2,43,2,1,525.235364,485.255264,1.08239,525.235364,2263.818972,113820.038448,449.154633,395.444275,53.727509,0.017151,0.102292
103,103,170,0,0,1,1,1,2,43,2,1,525.235364,485.255264,1.08239,525.235364,2263.818972,113820.038448,449.154633,395.444275,53.727509,0.017151,0.102292
105,105,111,101,54,3,3,10,2,47,20,4,1238.983161,1083.135896,1.143885,19859.770556,105837.419116,124383.938895,447.650818,446.055359,1.595642,0.000183,0.001288
105,105,111,101,54,3,3,10,2,47,20,4,1238.983161,1083.135896,1.143885,19859.770556,105837.419116,124383.938895,447.650818,446.055359,1.595642,0.000183,0.001288
106,106,115,74,102,2,4,8,1,47,16,4,1154.172562,1067.587684,1.081103,23284.183935,133138.327701,123983.172394,446.411743,440.101135,6.527618,0.21701,0.005656
106,106,115,74,102,2,4,8,1,47,16,4,1154.172562,1067.587684,1.081103,23284.183935,133138.327701,123983.172394,446.411743,440.101135,6.527618,0.21701,0.005656
111,111,116,50,105,3,3,12,2,46,24,4,2508.889292,2087.16181,1.202058,22368.659848,180061.184785,123144.955735,446.055176,438.567474,7.488159,0.000458,0.002985
111,111,116,50,105,3,3,12,2,46,24,4,2508.889292,2087.16181,1.202058,22368.659848,180061.184785,123144.955735,446.055176,438.567474,7.488159,0.000458,0.002985
112,112,214,52,22,2,2,2,3,25,4,2,2738.158803,2190.09966,1.250244,7751.086988,35925.722773,60532.940061,442.280487,327.036011,115.768311,0.523834,0.04228
112,112,214,52,22,2,2,2,3,25,4,2,2738.158803,2190.09966,1.250244,7751.086988,35925.722773,60532.940061,442.280487,327.036011,115.768311,0.523834,0.04228
113,113,189,0,0,1,1,1,3,40,2,1,3713.974875,2620.899469,1.417061,3713.974875,13592.453962,117671.612735,442.147217,376.603607,65.54425,0.000641,0.017648
113,113,189,0,0,1,1,1,3,40,2,1,3713.974875,2620.899469,1.417061,3713.974875,13592.453962,117671.612735,442.147217,376.603607,65.54425,0.000641,0.017648
115,115,127,55,106,2,4,9,1,46,18,4,2659.752562,2132.073456,1.247496,25943.936497,154720.351802,122828.999832,439.884125,427.047913,12.836853,0.000641,0.004826
115,115,127,55,106,2,4,9,1,46,18,4,2659.752562,2132.073456,1.247496,25943.936497,154720.351802,122828.999832,439.884125,427.047913,12.836853,0.000641,0.004826
116,116,120,111,16,3,3,13,2,45,26,4,1667.698026,1494.026013,1.116244,24036.357873,109983.930949,120636.066443,438.567017,432.502197,6.065002,0.000183,0.003637
116,116,120,111,16,3,3,13,2,45,26,4,1667.698026,1494.026013,1.116244,24036.357873,109983.930949,120636.066443,438.567017,432.502197,6.065002,0.000183,0.003637
117,117,198,88,28,3,3,7,2,27,14,3,2729.101675,2423.83446,1.125944,11176.599181,82396.160414,68863.15004,435.946198,360.806366,75.55368,0.413849,0.027684
117,117,198,88,28,3,3,7,2,27,14,3,2729.101675,2423.83446,1.125944,11176.599181,82396.160414,68863.15004,435.946198,360.806366,75.55368,0.413849,0.027684
118,118,161,0,0,1,1,1,4,41,2,1,778.24651,714.601449,1.089064,778.24651,4745.871515,104792.640971,435.767548,411.170074,24.598114,0.000641,0.031607
118,118,161,0,0,1,1,1,4,41,2,1,778.24651,714.601449,1.089064,778.24651,4745.871515,104792.640971,435.767548,411.170074,24.598114,0.000641,0.031607
119,119,185,0,0,1,1,1,4,40,2,1,975.816072,873.810346,1.116737,975.816072,4872.952863,103935.211241,435.235901,387.781616,47.846558,0.392273,0.049032
119,119,185,0,0,1,1,1,4,40,2,1,975.816072,873.810346,1.116737,975.816072,4872.952863,103935.211241,435.235901,387.781616,47.846558,0.392273,0.049032
120,120,133,116,87,3,3,14,2,44,28,4,2849.041973,2234.189481,1.275202,26885.399847,210625.839349,118968.368417,432.502014,423.443726,9.069397,0.011108,0.003183
120,120,133,116,87,3,3,14,2,44,28,4,2849.041973,2234.189481,1.275202,26885.399847,210625.839349,118968.368417,432.502014,423.443726,9.069397,0.011108,0.003183
122,122,158,99,77,2,3,2,2,42,4,2,1272.558903,1123.856359,1.132315,3571.06992,17773.149376,119119.875357,430.091949,414.809601,15.90976,0.627411,0.012502
122,122,158,99,77,2,3,2,2,42,4,2,1272.558903,1123.856359,1.132315,3571.06992,17773.149376,119119.875357,430.091949,414.809601,15.90976,0.627411,0.012502
123,123,126,3,98,2,3,3,2,42,6,2,771.065174,747.479161,1.031554,7502.604406,63310.763928,106039.904282,430.004974,427.202728,3.110992,0.308746,0.004035
123,123,126,3,98,2,3,3,2,42,6,2,771.065174,747.479161,1.031554,7502.604406,63310.763928,106039.904282,430.004974,427.202728,3.110992,0.308746,0.004035
125,125,183,0,0,1,1,1,3,41,2,1,1369.079402,1044.164867,1.311172,1369.079402,2099.844343,116574.757551,429.031799,390.59903,40.768982,2.336212,0.029778
125,125,183,0,0,1,1,1,3,41,2,1,1369.079402,1044.164867,1.311172,1369.079402,2099.844343,116574.757551,429.031799,390.59903,40.768982,2.336212,0.029778
126,126,180,53,123,2,3,4,2,41,8,3,2232.913489,1848.362446,1.20805,9735.517895,75007.808761,105268.839107,426.893982,389.965149,36.929291,0.000458,0.016539
126,126,180,53,123,2,3,4,2,41,8,3,2232.913489,1848.362446,1.20805,9735.517895,75007.808761,105268.839107,426.893982,389.965149,36.929291,0.000458,0.016539
127,127,157,115,82,2,4,10,1,45,20,4,2313.972502,1670.371862,1.385304,28257.908999,171150.879279,120169.24727,427.047272,416.766937,10.280792,0.000458,0.004443
127,127,157,115,82,2,4,10,1,45,20,4,2313.972502,1670.371862,1.385304,28257.908999,171150.879279,120169.24727,427.047272,416.766937,10.280792,0.000458,0.004443
128,128,235,0,0,1,1,1,3,31,2,1,1860.739023,1710.756687,1.08767,1860.739023,7319.104848,75589.838872,426.543976,300.28006,127.36496,1.101044,0.068449
128,128,235,0,0,1,1,1,3,31,2,1,1860.739023,1710.756687,1.08767,1860.739023,7319.104848,75589.838872,426.543976,300.28006,127.36496,1.101044,0.068449
129,129,161,59,51,2,2,2,3,41,4,2,1241.635932,1051.147101,1.18122,2402.212851,14143.65458,105256.030393,425.790863,411.169891,14.621429,0.000458,0.011776
129,129,161,59,51,2,2,2,3,41,4,2,1241.635932,1051.147101,1.18122,2402.212851,14143.65458,105256.030393,425.790863,411.169891,14.621429,0.000458,0.011776
132,132,211,0,0,1,1,1,2,41,2,1,567.091256,525.904829,1.078315,567.091256,2446.190985,106860.006684,424.045471,342.219177,87.579681,5.753387,0.154437
132,132,211,0,0,1,1,1,2,41,2,1,567.091256,525.904829,1.078315,567.091256,2446.190985,106860.006684,424.045471,342.219177,87.579681,5.753387,0.154437
133,133,152,120,89,3,3,16,2,43,32,5,1876.977487,1643.462526,1.142087,28762.377334,221167.519539,116119.326443,423.432617,422.883209,1.621094,1.071686,0.000864
133,133,152,120,89,3,3,16,2,43,32,5,1876.977487,1643.462526,1.142087,28762.377334,221167.519539,116119.326443,423.432617,422.883209,1.621094,1.071686,0.000864
152,152,196,133,100,3,3,17,2,42,34,5,4866.271644,3959.161015,1.229117,33628.648978,205051.108472,114242.348956,421.811523,370.114838,56.055511,4.358826,0.011519
152,152,196,133,100,3,3,17,2,42,34,5,4866.271644,3959.161015,1.229117,33628.648978,205051.108472,114242.348956,421.811523,370.114838,56.055511,4.358826,0.011519
157,157,162,64,127,2,4,11,1,44,22,4,1421.868215,736.209986,1.931335,29679.777214,197054.387737,117855.274768,416.766479,409.699982,7.066956,0.000458,0.00497
157,157,162,64,127,2,4,11,1,44,22,4,1421.868215,736.209986,1.931335,29679.777214,197054.387737,117855.274768,416.766479,409.699982,7.066956,0.000458,0.00497
158,158,183,83,122,2,3,3,2,41,6,2,2641.638305,1972.529442,1.339214,6212.708224,36774.411364,117847.316454,414.18219,388.263275,25.919373,0.000458,0.009812
158,158,183,83,122,2,3,3,2,41,6,2,2641.638305,1972.529442,1.339214,6212.708224,36774.411364,117847.316454,414.18219,388.263275,25.919373,0.000458,0.009812
161,161,185,118,129,2,2,3,3,40,6,2,1054.999292,923.427097,1.142482,3457.212143,22852.603311,104014.394461,411.169434,387.551758,23.78009,0.162415,0.02254
161,161,185,118,129,2,2,3,3,40,6,2,1054.999292,923.427097,1.142482,3457.212143,22852.603311,104014.394461,411.169434,387.551758,23.78009,0.162415,0.02254
162,162,170,157,33,3,4,13,1,43,26,4,3138.603469,1852.315764,1.694421,32818.380683,209468.969791,116433.406553,409.699524,395.427582,14.2724,0.000458,0.004547
162,162,170,157,33,3,4,13,1,43,26,4,3138.603469,1852.315764,1.694421,32818.380683,209468.969791,116433.406553,409.699524,395.427582,14.2724,0.000458,0.004547
163,163,339,0,0,1,2,1,2,6,2,1,1667.698026,1508.181114,1.105768,1667.698026,13265.555247,13928.343677,405.047028,183.859161,221.188324,0.000458,0.132631
163,163,339,0,0,1,2,1,2,6,2,1,1667.698026,1508.181114,1.105768,1667.698026,13265.555247,13928.343677,405.047028,183.859161,221.188324,0.000458,0.132631
164,164,218,0,0,1,1,1,2,40,2,1,997.681914,838.827369,1.189377,997.681914,6020.413345,106220.136565,401.491516,325.486023,77.080566,1.075073,0.07726
164,164,218,0,0,1,1,1,2,40,2,1,997.681914,838.827369,1.189377,997.681914,6020.413345,106220.136565,401.491516,325.486023,77.080566,1.075073,0.07726
166,166,191,0,0,1,1,1,4,39,2,1,1597.571934,1323.936708,1.206683,1597.571934,3580.068477,112076.908787,400.471283,375.139709,25.685699,0.354126,0.016078
166,166,191,0,0,1,1,1,4,39,2,1,1597.571934,1323.936708,1.206683,1597.571934,3580.068477,112076.908787,400.471283,375.139709,25.685699,0.354126,0.016078
169,169,235,78,36,2,2,2,2,31,4,2,2214.799232,1997.099261,1.109008,3375.376151,19864.163622,75943.899081,396.335876,301.184204,97.15686,2.005188,0.043867
169,169,235,78,36,2,2,2,2,31,4,2,2214.799232,1997.099261,1.109008,3375.376151,19864.163622,75943.899081,396.335876,301.184204,97.15686,2.005188,0.043867
170,170,196,162,103,3,4,14,1,42,28,4,3918.725772,1613.516661,2.428686,36737.106455,374169.712606,113294.803084,395.427124,365.75647,29.671112,0.000458,0.007572
170,170,196,162,103,3,4,14,1,42,28,4,3918.725772,1613.516661,2.428686,36737.106455,374169.712606,113294.803084,395.427124,365.75647,29.671112,0.000458,0.007572
171,171,191,0,0,1,2,1,3,39,2,1,1740.476889,1436.496038,1.211613,1740.476889,5371.767801,112219.813742,394.331665,374.786224,19.546082,0.000641,0.01123
171,171,191,0,0,1,2,1,3,39,2,1,1740.476889,1436.496038,1.211613,1740.476889,5371.767801,112219.813742,394.331665,374.786224,19.546082,0.000641,0.01123
178,178,414,0,0,1,1,1,3,19,2,1,5155.83314,4240.391035,1.215886,5155.83314,80255.728059,50133.033432,393.059875,132.138123,260.922409,0.000656,0.050607
178,178,414,0,0,1,1,1,3,19,2,1,5155.83314,4240.391035,1.215886,5155.83314,80255.728059,50133.033432,393.059875,132.138123,260.922409,0.000656,0.050607
179,179,248,0,0,1,1,1,3,12,2,1,997.681914,871.415247,1.144898,997.681914,5946.193547,26586.781223,390.894409,277.184174,115.464874,1.754639,0.115733
179,179,248,0,0,1,1,1,3,12,2,1,997.681914,871.415247,1.144898,997.681914,5946.193547,26586.781223,390.894409,277.184174,115.464874,1.754639,0.115733
180,180,181,49,126,2,3,5,2,40,10,3,1331.752074,1149.899829,1.158146,11067.269969,88409.017001,103035.925618,389.964691,389.942352,0.02298,0.000641,1.7e-05
180,180,181,49,126,2,3,5,2,40,10,3,1331.752074,1149.899829,1.158146,11067.269969,88409.017001,103035.925618,389.964691,389.942352,0.02298,0.000641,1.7e-05
181,181,193,180,97,2,3,6,2,39,12,3,913.97013,769.522581,1.187711,11981.240098,112885.797455,101704.173544,389.941711,366.64209,23.300079,0.000458,0.025493
181,181,193,180,97,2,3,6,2,39,12,3,913.97013,769.522581,1.187711,11981.240098,112885.797455,101704.173544,389.941711,366.64209,23.300079,0.000458,0.025493
182,182,311,0,0,1,1,1,2,33,2,1,2576.040777,2073.263431,1.242505,2576.040777,5036.956095,84556.944364,389.560181,217.245148,173.387924,1.072891,0.067308
182,182,311,0,0,1,1,1,2,33,2,1,2576.040777,2073.263431,1.242505,2576.040777,5036.956095,84556.944364,389.560181,217.245148,173.387924,1.072891,0.067308
183,183,189,125,158,2,3,4,2,40,8,3,1248.040289,735.263092,1.697406,7460.748513,37912.591763,115205.678149,388.262817,376.603424,11.659851,0.000458,0.009343
183,183,189,125,158,2,3,4,2,40,8,3,1248.040289,735.263092,1.697406,7460.748513,37912.591763,115205.678149,388.262817,376.603424,11.659851,0.000458,0.009343
184,184,226,0,0,1,1,1,2,39,2,1,466.042193,435.307708,1.070604,466.042193,2986.764747,103136.974681,387.780884,311.537476,76.863861,0.620453,0.164929
184,184,226,0,0,1,1,1,2,39,2,1,466.042193,435.307708,1.070604,466.042193,2986.764747,103136.974681,387.780884,311.537476,76.863861,0.620453,0.164929
185,185,193,161,119,2,2,4,3,39,8,3,2169.191754,1863.751657,1.163885,5626.403897,42361.736987,102959.395169,387.389343,366.642273,20.747711,0.000641,0.009565
185,185,193,161,119,2,2,4,3,39,8,3,2169.191754,1863.751657,1.163885,5626.403897,42361.736987,102959.395169,387.389343,366.642273,20.747711,0.000641,0.009565
188,188,402,0,0,1,1,1,2,22,2,1,2933.852572,2505.384007,1.171019,2933.852572,3067.870115,56286.548486,382.395752,136.769196,246.772964,1.146408,0.084112
188,188,402,0,0,1,1,1,2,22,2,1,2933.852572,2505.384007,1.171019,2933.852572,3067.870115,56286.548486,382.395752,136.769196,246.772964,1.146408,0.084112
189,189,194,113,183,2,3,5,2,39,10,3,2109.998584,1477.379617,1.428203,9570.747097,52467.61322,113957.63786,376.602966,366.258331,10.345276,0.000641,0.004903
189,189,194,113,183,2,3,5,2,39,10,3,2109.998584,1477.379617,1.428203,9570.747097,52467.61322,113957.63786,376.602966,366.258331,10.345276,0.000641,0.004903
190,190,295,0,0,1,1,1,3,11,2,1,1125.125384,963.305451,1.167984,1125.125384,15273.470423,25786.66887,375.247498,224.624725,153.003571,2.380798,0.135988
190,190,295,0,0,1,1,1,3,11,2,1,1125.125384,963.305451,1.167984,1125.125384,15273.470423,25786.66887,375.247498,224.624725,153.003571,2.380798,0.135988
191,191,202,171,166,2,2,2,3,38,4,2,943.017308,710.691152,1.326902,2683.494197,9784.36964,110479.336853,374.785583,355.791504,18.994354,0.000275,0.020142
191,191,202,171,166,2,2,2,3,38,4,2,943.017308,710.691152,1.326902,2683.494197,9784.36964,110479.336853,374.785583,355.791504,18.994354,0.000275,0.020142
192,192,212,0,0,1,2,1,3,36,2,1,2182.777447,2016.539587,1.082437,2182.777447,4121.945894,103816.8249,369.689819,332.553864,39.002441,1.866486,0.017868
192,192,212,0,0,1,2,1,3,36,2,1,2182.777447,2016.539587,1.082437,2182.777447,4121.945894,103816.8249,369.689819,332.553864,39.002441,1.866486,0.017868
193,193,266,185,181,3,3,10,2,38,20,4,4358.373559,3719.457996,1.171777,16339.613657,81913.306586,100790.203415,366.641632,256.810852,111.051117,1.220337,0.02548
193,193,266,185,181,3,3,10,2,38,20,4,4358.373559,3719.457996,1.171777,16339.613657,81913.306586,100790.203415,366.641632,256.810852,111.051117,1.220337,0.02548
194,194,202,79,189,2,3,6,2,38,12,3,2311.319731,1887.338511,1.224645,11882.066828,66090.118868,111847.639276,366.25769,355.791412,10.466461,0.000183,0.004528
194,194,202,79,189,2,3,6,2,38,12,3,2311.319731,1887.338511,1.224645,11882.066828,66090.118868,111847.639276,366.25769,355.791412,10.466461,0.000183,0.004528
196,196,211,170,152,4,4,31,1,41,62,5,3083.161884,2108.415876,1.462312,39820.268339,434383.940461,109376.077312,365.756012,336.466248,29.290222,0.000458,0.0095
196,196,211,170,152,4,4,31,1,41,62,5,3083.161884,2108.415876,1.462312,39820.268339,434383.940461,109376.077312,365.756012,336.466248,29.290222,0.000458,0.0095
197,197,272,0,0,1,1,1,2,37,2,1,3212.481146,2590.016309,1.240332,3212.481146,13054.682478,97112.778889,363.228912,249.776825,113.452744,0.000656,0.035316
197,197,272,0,0,1,1,1,2,37,2,1,3212.481146,2590.016309,1.240332,3212.481146,13054.682478,97112.778889,363.228912,249.776825,113.452744,0.000656,0.035316
198,198,234,37,117,3,3,8,2,26,16,4,4195.478554,3163.477286,1.326224,15372.077735,98958.894015,66134.048365,360.392517,301.552887,58.840088,0.000458,0.014025
198,198,234,37,117,3,3,8,2,26,16,4,4195.478554,3163.477286,1.326224,15372.077735,98958.894015,66134.048365,360.392517,301.552887,58.840088,0.000458,0.014025
199,199,219,0,0,1,1,1,3,37,2,1,861.958295,818.22661,1.053447,861.958295,43932.609357,105858.573185,360.565704,322.684113,37.881866,0.000275,0.043949
199,199,219,0,0,1,1,1,3,37,2,1,861.958295,818.22661,1.053447,861.958295,43932.609357,105858.573185,360.565704,322.684113,37.881866,0.000275,0.043949
201,201,227,0,0,1,1,1,3,36,2,1,1962.565065,1779.421564,1.102923,1962.565065,14635.872252,102741.835558,360.022797,310.32489,49.698364,0.000458,0.025323
201,201,227,0,0,1,1,1,3,36,2,1,1962.565065,1779.421564,1.102923,1962.565065,14635.872252,102741.835558,360.022797,310.32489,49.698364,0.000458,0.025323
202,202,219,191,194,3,3,8,2,37,16,4,4539.704656,2190.894758,2.072078,16421.771484,82735.611224,109536.319545,355.791229,322.684296,33.107391,0.000458,0.007293
202,202,219,191,194,3,3,8,2,37,16,4,4539.704656,2190.894758,2.072078,16421.771484,82735.611224,109536.319545,355.791229,322.684296,33.107391,0.000458,0.007293
203,203,357,0,0,1,1,1,3,22,2,1,3706.793539,3290.843797,1.126396,3706.793539,8888.385762,53000.511498,353.973877,155.06839,199.281586,0.376099,0.053761
203,203,357,0,0,1,1,1,3,22,2,1,3706.793539,3290.843797,1.126396,3706.793539,8888.385762,53000.511498,353.973877,155.06839,199.281586,0.376099,0.053761
205,205,234,0,0,1,1,1,3,26,2,1,606.294377,561.152785,1.080444,606.294377,2864.880616,62544.864189,352.091675,302.708557,50.539246,1.156128,0.083358
205,205,234,0,0,1,1,1,3,26,2,1,606.294377,561.152785,1.080444,606.294377,2864.880616,62544.864189,352.091675,302.708557,50.539246,1.156128,0.083358
207,207,265,0,0,1,2,1,2,29,2,1,7062.17964,3281.834303,2.1519,7062.17964,17763.966711,81043.835492,341.129547,256.287201,84.842987,0.000641,0.012014
207,207,265,0,0,1,2,1,2,29,2,1,7062.17964,3281.834303,2.1519,7062.17964,17763.966711,81043.835492,341.129547,256.287201,84.842987,0.000641,0.012014
208,208,212,0,0,1,1,1,4,36,2,1,406.849023,396.79494,1.025338,406.849023,4281.509838,102040.896475,337.760223,331.193604,7.072845,0.506226,0.017384
208,208,212,0,0,1,1,1,4,36,2,1,406.849023,396.79494,1.025338,406.849023,4281.509838,102040.896475,337.760223,331.193604,7.072845,0.506226,0.017384
209,209,263,0,0,1,1,1,3,25,2,1,494.312393,461.713548,1.070604,494.312393,4135.808752,59411.566263,336.837128,262.903076,74.831024,0.896973,0.151384
209,209,263,0,0,1,1,1,3,25,2,1,494.312393,461.713548,1.070604,494.312393,4135.808752,59411.566263,336.837128,262.903076,74.831024,0.896973,0.151384
210,210,326,0,0,1,1,1,2,32,2,1,3065.047627,2657.590415,1.153318,3065.047627,8696.86339,81661.517934,336.787598,207.252106,136.287857,6.752365,0.044465
210,210,326,0,0,1,1,1,2,32,2,1,3065.047627,2657.590415,1.153318,3065.047627,8696.86339,81661.517934,336.787598,207.252106,136.287857,6.752365,0.044465
211,211,218,132,196,4,4,32,1,40,64,6,1070.460777,661.441938,1.618375,40890.729116,471138.478802,106292.915428,336.46579,324.411591,12.05484,0.000641,0.011261
211,211,218,132,196,4,4,32,1,40,64,6,1070.460777,661.441938,1.618375,40890.729116,471138.478802,106292.915428,336.46579,324.411591,12.05484,0.000641,0.011261
212,212,228,192,208,2,2,2,3,35,4,2,1035.009242,897.797899,1.152831,3217.786689,35580.604116,101634.047453,330.687378,310.32196,20.366058,0.000641,0.019677
212,212,228,192,208,2,2,2,3,35,4,2,1035.009242,897.797899,1.152831,3217.786689,35580.604116,101634.047453,330.687378,310.32196,20.366058,0.000641,0.019677
214,214,319,75,112,2,2,3,3,24,6,2,2826.399152,2180.376108,1.29629,10577.48614,59393.648663,57794.781258,326.512177,208.210373,118.302261,0.000458,0.041856
214,214,319,75,112,2,2,3,3,24,6,2,2826.399152,2180.376108,1.29629,10577.48614,59393.648663,57794.781258,326.512177,208.210373,118.302261,0.000458,0.041856
215,215,377,0,0,1,1,1,2,25,2,1,5843.963508,5004.994798,1.167626,5843.963508,5447.892835,65528.530967,326.972107,153.359131,173.614609,0.001633,0.029708
215,215,377,0,0,1,1,1,2,25,2,1,5843.963508,5004.994798,1.167626,5843.963508,5447.892835,65528.530967,326.972107,153.359131,173.614609,0.001633,0.029708
216,216,265,0,0,1,1,1,3,29,2,1,4634.349361,3396.78685,1.364333,4634.349361,27009.189825,78616.005213,326.502502,256.287018,70.215942,0.000458,0.015151
216,216,265,0,0,1,1,1,3,29,2,1,4634.349361,3396.78685,1.364333,4634.349361,27009.189825,78616.005213,326.502502,256.287018,70.215942,0.000458,0.015151
217,217,339,0,0,1,1,1,3,6,2,1,1395.473808,1172.101875,1.190574,1395.473808,10409.002618,13656.11946,324.967468,183.85936,141.108765,0.000656,0.101119
217,217,339,0,0,1,1,1,3,6,2,1,1395.473808,1172.101875,1.190574,1395.473808,10409.002618,13656.11946,324.967468,183.85936,141.108765,0.000656,0.101119
218,218,226,164,211,4,4,33,1,39,66,6,2551.522163,1754.781471,1.45404,43442.25128,482022.39879,105222.454651,324.41095,310.91748,13.493927,0.000458,0.005289
218,218,226,164,211,4,4,33,1,39,66,6,2551.522163,1754.781471,1.45404,43442.25128,482022.39879,105222.454651,324.41095,310.91748,13.493927,0.000458,0.005289
219,219,227,202,199,3,3,9,2,36,18,4,4217.344396,2683.546738,1.571556,20639.11588,54894.642815,104996.61489,322.683838,310.325073,12.359406,0.000641,0.002931
219,219,227,202,199,3,3,9,2,36,18,4,4217.344396,2683.546738,1.571556,20639.11588,54894.642815,104996.61489,322.683838,310.325073,12.359406,0.000641,0.002931
220,220,264,0,0,1,2,1,2,28,2,1,2704.583061,1900.397287,1.423167,2704.583061,11441.306433,69703.242492,322.49295,256.478729,66.014679,0.000458,0.024408
220,220,264,0,0,1,2,1,2,28,2,1,2704.583061,1900.397287,1.423167,2704.583061,11441.306433,69703.242492,322.49295,256.478729,66.014679,0.000458,0.024408
223,223,264,0,0,1,1,1,3,28,2,1,2483.271864,2184.525865,1.136756,2483.271864,10959.130729,69481.931296,314.586243,256.478912,58.107971,0.000641,0.0234
223,223,264,0,0,1,1,1,3,28,2,1,2483.271864,2184.525865,1.136756,2483.271864,10959.130729,69481.931296,314.586243,256.478912,58.107971,0.000641,0.0234
226,226,266,218,184,4,4,34,1,38,68,6,6239.102631,4016.982447,1.553181,49681.353911,572877.937162,102670.932488,310.917023,255.855255,55.326508,0.26474,0.008868
226,226,266,218,184,4,4,34,1,38,68,6,6239.102631,4016.982447,1.553181,49681.353911,572877.937162,102670.932488,310.917023,255.855255,55.326508,0.26474,0.008868
227,227,228,201,219,3,3,10,2,35,20,4,180.232283,201.013813,0.896616,20819.348163,94241.063157,100779.270494,310.324432,310.321777,0.003113,0.000458,1.7e-05
227,227,228,201,219,3,3,10,2,35,20,4,180.232283,201.013813,0.896616,20819.348163,94241.063157,100779.270494,310.324432,310.321777,0.003113,0.000458,1.7e-05
228,228,293,212,227,3,3,12,2,34,24,4,14499.963497,5565.903904,2.605141,35319.31166,184996.707463,100599.03821,310.32132,227.244019,83.077957,0.000656,0.00573
228,228,293,212,227,3,3,12,2,34,24,4,14499.963497,5565.903904,2.605141,35319.31166,184996.707463,100599.03821,310.32132,227.244019,83.077957,0.000656,0.00573
229,229,345,0,0,1,1,1,2,30,2,1,5294.209531,4295.806265,1.232413,5294.209531,19173.530787,77791.82939,309.416412,193.172638,129.651138,13.407364,0.024489
229,229,345,0,0,1,1,1,2,30,2,1,5294.209531,4295.806265,1.232413,5294.209531,19173.530787,77791.82939,309.416412,193.172638,129.651138,13.407364,0.024489
230,230,259,0,0,1,2,1,2,27,2,1,2039.095513,1784.308751,1.142793,2039.095513,7988.987958,68041.948824,303.92157,266.238281,37.683746,0.000458,0.018481
230,230,259,0,0,1,2,1,2,27,2,1,2039.095513,1784.308751,1.142793,2039.095513,7988.987958,68041.948824,303.92157,266.238281,37.683746,0.000458,0.018481
232,232,520,0,0,1,1,1,2,6,2,1,2404.088644,2195.817945,1.094849,2404.088644,3550.776386,12880.525721,302.861755,69.1772,235.802757,2.118202,0.098084
232,232,520,0,0,1,1,1,2,6,2,1,2404.088644,2195.817945,1.094849,2404.088644,3550.776386,12880.525721,302.861755,69.1772,235.802757,2.118202,0.098084
233,233,353,0,0,1,1,1,2,28,2,1,5277.971066,3933.563674,1.341778,5277.971066,14539.207866,72178.234207,302.419739,167.003876,136.952179,1.536316,0.025948
233,233,353,0,0,1,1,1,2,28,2,1,5277.971066,3933.563674,1.341778,5277.971066,14539.207866,72178.234207,302.419739,167.003876,136.952179,1.536316,0.025948
234,234,263,205,198,3,3,9,2,25,18,4,3021.315942,2301.767823,1.312607,18393.393677,112854.233167,61938.569812,301.552429,262.006561,39.546326,0.000458,0.013089
234,234,263,205,198,3,3,9,2,25,18,4,3021.315942,2301.767823,1.312607,18393.393677,112854.233167,61938.569812,301.552429,262.006561,39.546326,0.000458,0.013089
235,235,267,128,169,2,2,3,2,30,6,2,1595.696141,1443.993585,1.105058,4971.072292,27789.124651,73729.099849,299.179016,254.445679,45.086807,0.35347,0.028255
235,235,267,128,169,2,2,3,2,30,6,2,1595.696141,1443.993585,1.105058,4971.072292,27789.124651,73729.099849,299.179016,254.445679,45.086807,0.35347,0.028255
236,236,259,0,0,1,1,1,3,27,2,1,1277.087467,1137.718343,1.122499,1277.087467,6257.715176,67279.940778,299.554718,266.238281,33.316895,0.000458,0.026088
236,236,259,0,0,1,1,1,3,27,2,1,1277.087467,1137.718343,1.122499,1277.087467,6257.715176,67279.940778,299.554718,266.238281,33.316895,0.000458,0.026088
237,237,322,0,0,1,2,1,3,22,2,1,1083.269491,960.770909,1.1275,1083.269491,5916.922047,49981.071349,295.740112,205.365723,90.374847,0.000458,0.083428
237,237,322,0,0,1,2,1,3,22,2,1,1083.269491,960.770909,1.1275,1083.269491,5916.922047,49981.071349,295.740112,205.365723,90.374847,0.000458,0.083428
239,239,401,0,0,1,1,1,2,23,2,1,3488.135114,2856.577276,1.221089,3488.135114,6784.90943,57605.491846,293.638733,139.484833,155.885971,1.732071,0.04469
239,239,401,0,0,1,1,1,2,23,2,1,3488.135114,2856.577276,1.221089,3488.135114,6784.90943,57605.491846,293.638733,139.484833,155.885971,1.732071,0.04469
240,240,290,0,0,1,1,1,3,27,2,1,3804.867995,3290.420374,1.156347,3804.867995,10281.692078,74272.771305,293.438049,229.505615,65.942932,2.010498,0.017331
240,240,290,0,0,1,1,1,3,27,2,1,3804.867995,3290.420374,1.156347,3804.867995,10281.692078,74272.771305,293.438049,229.505615,65.942932,2.010498,0.017331
243,243,267,0,0,1,1,1,3,30,2,1,540.696849,454.106544,1.190683,540.696849,7763.632793,72674.100557,288.375031,254.477142,34.282822,0.384933,0.063405
243,243,267,0,0,1,1,1,3,30,2,1,540.696849,454.106544,1.190683,540.696849,7763.632793,72674.100557,288.375031,254.477142,34.282822,0.384933,0.063405
244,244,330,0,0,1,1,1,3,10,2,1,769.189382,661.968354,1.161973,769.189382,10981.693445,24088.047873,284.765411,195.954071,88.811798,0.000458,0.115462
244,244,330,0,0,1,1,1,3,10,2,1,769.189382,661.968354,1.161973,769.189382,10981.693445,24088.047873,284.765411,195.954071,88.811798,0.000458,0.115462
247,247,512,0,0,1,2,1,2,3,2,1,2781.890488,2462.472259,1.129714,2781.890488,9072.633891,5482.721963,281.330414,83.846169,197.484894,0.000648,0.070989
247,247,512,0,0,1,2,1,2,3,2,1,2781.890488,2462.472259,1.129714,2781.890488,9072.633891,5482.721963,281.330414,83.846169,197.484894,0.000648,0.070989
248,248,295,179,81,2,2,2,2,11,4,2,927.555822,845.033329,1.097656,3089.566241,13626.383703,25589.099309,275.429535,225.361053,53.185608,3.117126,0.05734
248,248,295,179,81,2,2,2,2,11,4,2,927.555822,845.033329,1.097656,3089.566241,13626.383703,25589.099309,275.429535,225.361053,53.185608,3.117126,0.05734
249,249,322,0,0,1,1,1,4,22,2,1,558.034128,460.958497,1.210595,558.034128,4101.12889,49455.835985,275.526642,205.365921,70.161377,0.000656,0.12573
249,249,322,0,0,1,1,1,4,22,2,1,558.034128,460.958497,1.210595,558.034128,4101.12889,49455.835985,275.526642,205.365921,70.161377,0.000656,0.12573
254,254,297,0,0,1,1,1,3,26,2,1,2595.253848,2132.890186,1.216778,2595.253848,7576.968498,72059.070887,273.793854,224.619385,50.565002,1.390533,0.019484
254,254,297,0,0,1,1,1,3,26,2,1,2595.253848,2132.890186,1.216778,2595.253848,7576.968498,72059.070887,273.793854,224.619385,50.565002,1.390533,0.019484
255,255,287,0,0,1,1,1,3,21,2,1,1376.260737,1271.322982,1.082542,1376.260737,5174.356335,47887.311229,270.890625,232.704407,38.685516,0.499298,0.028109
255,255,287,0,0,1,1,1,3,21,2,1,1376.260737,1271.322982,1.082542,1376.260737,5174.356335,47887.311229,270.890625,232.704407,38.685516,0.499298,0.028109
257,257,320,0,0,1,1,1,3,20,2,1,1793.265703,1588.057381,1.12922,1793.265703,5551.011213,46159.643054,269.224213,207.947784,62.387695,1.111267,0.03479
257,257,320,0,0,1,1,1,3,20,2,1,1793.265703,1588.057381,1.12922,1793.265703,5551.011213,46159.643054,269.224213,207.947784,62.387695,1.111267,0.03479
259,259,358,236,230,2,2,2,2,26,4,2,4814.581645,3957.489016,1.216575,6853.677158,328273.280544,66002.85331,266.237823,154.229263,112.008362,-0.000198,0.023264
259,259,358,236,230,2,2,2,2,26,4,2,4814.581645,3957.489016,1.216575,6853.677158,328273.280544,66002.85331,266.237823,154.229263,112.008362,-0.000198,0.023264
260,260,287,0,0,1,3,1,2,21,2,1,1725.015404,1449.531221,1.190051,1725.015404,7003.127774,48236.065895,263.630798,232.945145,31.42569,0.740036,0.018218
260,260,287,0,0,1,3,1,2,21,2,1,1725.015404,1449.531221,1.190051,1725.015404,7003.127774,48236.065895,263.630798,232.945145,31.42569,0.740036,0.018218
261,261,405,0,0,1,2,1,2,15,2,1,1797.794267,1565.301818,1.148529,1797.794267,7117.982025,30024.780295,262.887451,132.400421,130.487488,0.000458,0.072582
261,261,405,0,0,1,2,1,2,15,2,1,1797.794267,1565.301818,1.148529,1797.794267,7117.982025,30024.780295,262.887451,132.400421,130.487488,0.000458,0.072582
262,262,519,0,0,1,1,1,2,7,2,1,2109.998584,1801.792869,1.171055,2109.998584,6721.289165,14225.863487,262.41568,69.816956,193.187614,0.58889,0.091558
262,262,519,0,0,1,1,1,2,7,2,1,2109.998584,1801.792869,1.171055,2109.998584,6721.289165,14225.863487,262.41568,69.816956,193.187614,0.58889,0.091558
263,263,319,234,209,3,3,10,2,24,20,4,3948.871764,3003.168546,1.314902,22342.265441,132771.412874,58917.25387,262.006104,213.941528,53.796188,5.731613,0.013623
263,263,319,234,209,3,3,10,2,24,20,4,3948.871764,3003.168546,1.314902,22342.265441,132771.412874,58917.25387,262.006104,213.941528,53.796188,5.731613,0.013623
264,264,355,223,220,2,2,2,2,27,4,2,3302.597288,2122.084041,1.556299,6007.180349,582699.91739,66998.659432,256.478271,164.386047,92.092682,0.000458,0.027885
264,264,355,223,220,2,2,2,2,27,4,2,3302.597288,2122.084041,1.556299,6007.180349,582699.91739,66998.659432,256.478271,164.386047,92.092682,0.000458,0.027885
265,265,286,216,207,2,2,2,2,28,4,2,2441.415972,2011.697117,1.21361,9503.595612,34548.348321,73981.655852,256.28656,233.696548,22.590668,0.000656,0.009253
265,265,286,216,207,2,2,2,2,28,4,2,2441.415972,2011.697117,1.21361,9503.595612,34548.348321,73981.655852,256.28656,233.696548,22.590668,0.000656,0.009253
266,266,272,226,193,4,4,44,1,37,88,6,2531.532113,1982.393912,1.277008,52212.886024,550602.02824,96431.829856,255.590515,249.776825,5.814346,0.000656,0.002297
266,266,272,226,193,4,4,44,1,37,88,6,2531.532113,1982.393912,1.277008,52212.886024,550602.02824,96431.829856,255.590515,249.776825,5.814346,0.000656,0.002297
267,267,352,243,235,2,2,4,2,29,8,3,3365.220209,2831.592155,1.188455,8336.292501,36476.609009,72133.403708,254.092209,166.246704,88.059875,0.214371,0.026168
267,267,352,243,235,2,2,4,2,29,8,3,3365.220209,2831.592155,1.188455,8336.292501,36476.609009,72133.403708,254.092209,166.246704,88.059875,0.214371,0.026168
268,268,349,0,0,1,1,1,3,15,2,1,2852.01658,2231.069103,1.278318,2852.01658,15186.841497,33081.869607,253.969818,169.933853,84.036621,0.000656,0.029466
268,268,349,0,0,1,1,1,3,15,2,1,2852.01658,2231.069103,1.278318,2852.01658,15186.841497,33081.869607,253.969818,169.933853,84.036621,0.000656,0.029466
269,269,286,0,0,1,1,1,3,28,2,1,1485.58995,1269.677965,1.170053,1485.58995,37143.146248,73025.82983,253.749557,233.69635,20.053665,0.000458,0.013499
269,269,286,0,0,1,1,1,3,28,2,1,1485.58995,1269.677965,1.170053,1485.58995,37143.146248,73025.82983,253.749557,233.69635,20.053665,0.000458,0.013499
272,272,284,266,197,4,4,45,1,36,90,6,3946.995972,2507.885362,1.573834,56159.881996,666689.915769,93900.297743,249.776169,235.968018,13.808807,0.000656,0.003499
272,272,284,266,197,4,4,45,1,36,90,6,3946.995972,2507.885362,1.573834,56159.881996,666689.915769,93900.297743,249.776169,235.968018,13.808807,0.000656,0.003499
278,278,348,0,0,1,1,1,3,16,2,1,4082.719591,3114.651837,1.310811,4082.719591,17474.217325,35363.043345,245.474762,170.58316,74.892059,0.000458,0.018344
278,278,348,0,0,1,1,1,3,16,2,1,4082.719591,3114.651837,1.310811,4082.719591,17474.217325,35363.043345,245.474762,170.58316,74.892059,0.000458,0.018344
279,279,331,0,0,1,2,1,3,21,2,1,2584.320927,1392.914647,1.855333,2584.320927,12701.373216,46056.718199,244.407944,195.10585,49.41452,0.112427,0.019121
279,279,331,0,0,1,2,1,3,21,2,1,2584.320927,1392.914647,1.855333,2584.320927,12701.373216,46056.718199,244.407944,195.10585,49.41452,0.112427,0.019121
280,280,449,0,0,1,1,1,2,19,2,1,2045.49987,1805.655237,1.13283,2045.49987,19147.82721,42968.250772,243.211014,111.63018,131.817741,0.236908,0.064443
280,280,449,0,0,1,1,1,2,19,2,1,2045.49987,1805.655237,1.13283,2045.49987,19147.82721,42968.250772,243.211014,111.63018,131.817741,0.236908,0.064443
281,281,388,0,0,1,1,1,3,18,2,1,1320.819152,1168.5302,1.130325,1320.819152,16570.148023,39694.700662,241.122604,149.249817,91.873444,0.000656,0.069558
281,281,388,0,0,1,1,1,3,18,2,1,1320.819152,1168.5302,1.130325,1320.819152,16570.148023,39694.700662,241.122604,149.249817,91.873444,0.000656,0.069558
282,282,321,0,0,1,3,1,2,18,2,1,1501.051435,1235.754442,1.214684,1501.051435,7141.580647,36254.048819,240.497696,206.392197,34.106155,0.000656,0.022722
282,282,321,0,0,1,3,1,2,18,2,1,1501.051435,1235.754442,1.214684,1501.051435,7141.580647,36254.048819,240.497696,206.392197,34.106155,0.000656,0.022722
283,283,331,0,0,1,1,1,4,21,2,1,1397.349601,1224.711851,1.140962,1397.349601,5653.132316,44869.746873,239.719101,195.142609,44.725677,0.149185,0.032008
283,283,331,0,0,1,1,1,4,21,2,1,1397.349601,1224.711851,1.140962,1397.349601,5653.132316,44869.746873,239.719101,195.142609,44.725677,0.149185,0.032008
284,284,285,272,21,4,4,46,1,35,92,6,773.717946,686.254576,1.12745,56933.599942,587922.156827,89953.301771,235.967361,235.774063,0.193954,0.000656,0.000251
284,284,285,272,21,4,4,46,1,35,92,6,773.717946,686.254576,1.12745,56933.599942,587922.156827,89953.301771,235.967361,235.774063,0.193954,0.000656,0.000251
285,285,293,80,284,4,4,49,1,34,98,6,3080.509112,2687.826823,1.146097,60014.109054,650705.316804,89179.583825,235.773407,227.24382,8.530045,0.000458,0.002769
285,285,293,80,284,4,4,49,1,34,98,6,3080.509112,2687.826823,1.146097,60014.109054,650705.316804,89179.583825,235.773407,227.24382,8.530045,0.000458,0.002769
286,286,290,269,265,2,2,3,2,27,6,2,1072.33657,902.055641,1.18877,10575.932182,43177.421416,71540.23988,233.695892,227.705109,6.200775,0.209991,0.005782
286,286,290,269,265,2,2,3,2,27,6,2,1072.33657,902.055641,1.18877,10575.932182,43177.421416,71540.23988,233.695892,227.705109,6.200775,0.209991,0.005782
287,287,320,255,260,2,3,2,2,20,4,2,2144.67314,1686.352674,1.271782,3869.688544,24818.489418,46511.050492,232.205109,206.836975,25.368591,0.000458,0.011829
287,287,320,255,260,2,3,2,2,20,4,2,2144.67314,1686.352674,1.271782,3869.688544,24818.489418,46511.050492,232.205109,206.836975,25.368591,0.000458,0.011829
289,289,432,0,0,1,2,1,3,15,2,1,2592.601077,2093.327738,1.238507,2592.601077,13953.384607,29211.404084,229.668243,121.806488,107.995766,0.13401,0.041655
289,289,432,0,0,1,2,1,3,15,2,1,2592.601077,2093.327738,1.238507,2592.601077,13953.384607,29211.404084,229.668243,121.806488,107.995766,0.13401,0.041655
290,290,297,240,286,2,2,4,2,26,8,3,1004.086271,747.479161,1.343297,11580.018454,56490.055,70467.90331,227.495117,223.229309,4.266266,0.000458,0.004249
290,290,297,240,286,2,2,4,2,26,8,3,1004.086271,747.479161,1.343297,11580.018454,56490.055,70467.90331,227.495117,223.229309,4.266266,0.000458,0.004249
293,293,311,228,285,4,4,61,1,33,122,6,4118.171126,1870.281664,2.201899,64132.28018,920787.678983,86099.074713,227.243362,216.172714,11.071106,0.000458,0.002688
293,293,311,228,285,4,4,61,1,33,122,6,4118.171126,1870.281664,2.201899,64132.28018,920787.678983,86099.074713,227.243362,216.172714,11.071106,0.000458,0.002688
295,295,330,190,248,2,2,3,2,10,6,2,1342.684995,1122.926143,1.195702,4432.251236,32481.954235,24661.543486,222.243927,195.954269,26.290314,0.000656,0.01958
295,295,330,190,248,2,2,3,2,10,6,2,1342.684995,1122.926143,1.195702,4432.251236,32481.954235,24661.543486,222.243927,195.954269,26.290314,0.000656,0.01958
296,296,321,0,0,1,1,1,3,18,2,1,599.89002,543.4941,1.103765,599.89002,6716.476058,35352.887403,223.78508,206.391998,17.393539,0.000458,0.028995
296,296,321,0,0,1,1,1,3,18,2,1,599.89002,543.4941,1.103765,599.89002,6716.476058,35352.887403,223.78508,206.391998,17.393539,0.000458,0.028995
297,297,350,290,254,2,2,5,2,25,10,3,7104.812512,4832.771912,1.470132,18684.830965,85055.464339,69463.817039,223.228851,169.149185,54.080322,0.000656,0.007612
297,297,350,290,254,2,2,5,2,25,10,3,7104.812512,4832.771912,1.470132,18684.830965,85055.464339,69463.817039,223.228851,169.149185,54.080322,0.000656,0.007612
298,298,343,0,0,1,1,1,3,17,2,1,2265.712253,1941.021057,1.167279,2265.712253,8437.207803,34807.661989,221.285736,181.682632,40.235687,0.632584,0.017759
298,298,343,0,0,1,1,1,3,17,2,1,2265.712253,1941.021057,1.167279,2265.712253,8437.207803,34807.661989,221.285736,181.682632,40.235687,0.632584,0.017759
301,301,523,0,0,1,1,1,2,3,2,1,3601.992891,2960.412477,1.21672,3601.992891,718316.390074,7763.895702,218.770905,61.037567,157.740322,0.006985,0.043793
301,301,523,0,0,1,1,1,2,3,2,1,3601.992891,2960.412477,1.21672,3601.992891,718316.390074,7763.895702,218.770905,61.037567,157.740322,0.006985,0.043793
311,311,326,182,293,4,4,62,1,32,124,6,3384.43328,2249.107034,1.50479,67516.71346,937822.220928,81980.903587,216.172256,201.124771,15.672516,0.625031,0.004631
311,311,326,182,293,4,4,62,1,32,124,6,3384.43328,2249.107034,1.50479,67516.71346,937822.220928,81980.903587,216.172256,201.124771,15.672516,0.625031,0.004631
316,316,335,0,0,1,1,1,4,20,2,1,492.4366,451.799468,1.089945,492.4366,4027.325924,43593.436384,209.602844,192.066849,19.14505,1.609055,0.038878
316,316,335,0,0,1,1,1,4,20,2,1,492.4366,451.799468,1.089945,492.4366,4027.325924,43593.436384,209.602844,192.066849,19.14505,1.609055,0.038878
317,317,350,0,0,1,1,1,3,25,2,1,1509.331585,1354.37003,1.114416,1509.331585,8465.526748,63868.336112,208.720383,169.626556,39.571854,0.478027,0.026218
317,317,350,0,0,1,1,1,3,25,2,1,1509.331585,1354.37003,1.114416,1509.331585,8465.526748,63868.336112,208.720383,169.626556,39.571854,0.478027,0.026218
318,318,421,0,0,1,1,1,2,20,2,1,2376.595423,2209.891311,1.075435,2376.595423,2468.999377,52010.787898,208.212524,130.088928,79.684433,1.560837,0.033529
318,318,421,0,0,1,1,1,2,20,2,1,2376.595423,2209.891311,1.075435,2376.595423,2468.999377,52010.787898,208.212524,130.088928,79.684433,1.560837,0.033529
319,319,346,263,214,3,3,13,2,23,26,4,3441.750657,2375.20332,1.449034,25784.016098,188474.660124,54968.382106,208.209915,177.581207,30.629166,0.000458,0.008899
319,319,346,263,214,3,3,13,2,23,26,4,3441.750657,2375.20332,1.449034,25784.016098,188474.660124,54968.382106,208.209915,177.581207,30.629166,0.000458,0.008899
320,320,356,257,287,2,3,3,2,19,6,2,3636.667447,2619.570075,1.388269,7506.355991,53203.441344,44366.377352,206.836517,164.296188,42.540787,0.000458,0.011698
320,320,356,257,287,2,3,3,2,19,6,2,3636.667447,2619.570075,1.388269,7506.355991,53203.441344,44366.377352,206.836517,164.296188,42.540787,0.000458,0.011698
321,321,343,296,282,2,3,2,2,17,4,2,2211.047647,1670.371862,1.323686,3712.099082,16726.601192,34752.997383,206.391541,181.050507,25.341492,0.000458,0.011461
321,321,343,296,282,2,3,2,2,17,4,2,2211.047647,1670.371862,1.323686,3712.099082,16726.601192,34752.997383,206.391541,181.050507,25.341492,0.000458,0.011461
322,322,390,249,237,2,2,2,3,21,4,2,780.122303,726.206021,1.074244,1863.391794,10311.937726,48897.801857,205.365265,145.155579,60.769989,0.560303,0.077898
322,322,390,249,237,2,2,2,3,21,4,2,780.122303,726.206021,1.074244,1863.391794,10311.937726,48897.801857,205.365265,145.155579,60.769989,0.560303,0.077898
326,326,336,210,311,4,4,63,1,31,126,6,3786.753738,2353.990461,1.608653,71303.467198,802260.827717,78596.470307,200.499741,190.181061,10.319138,0.000458,0.002725
326,326,336,210,311,4,4,63,1,31,126,6,3786.753738,2353.990461,1.608653,71303.467198,802260.827717,78596.470307,200.499741,190.181061,10.319138,0.000458,0.002725
329,329,522,0,0,1,1,1,2,4,2,1,1146.991226,1008.528867,1.137291,1146.991226,495878.843641,9388.639022,199.068024,64.228241,134.84005,0.000267,0.11756
329,329,522,0,0,1,1,1,2,4,2,1,1146.991226,1008.528867,1.137291,1146.991226,495878.843641,9388.639022,199.068024,64.228241,134.84005,0.000267,0.11756
330,330,517,244,295,2,2,4,2,9,8,3,5830.377816,4606.410066,1.26571,10262.629052,30600.856368,23318.858491,195.953613,77.566124,119.54953,1.162041,0.020505
330,330,517,244,295,2,2,4,2,9,8,3,5830.377816,4606.410066,1.26571,10262.629052,30600.856368,23318.858491,195.953613,77.566124,119.54953,1.162041,0.020505
331,331,335,283,279,2,2,2,3,20,4,2,371.397487,263.944068,1.407107,2955.718414,18523.210899,43472.397272,194.993423,191.272644,4.535629,0.81485,0.012212
331,331,335,283,279,2,2,2,3,20,4,2,371.397487,263.944068,1.407107,2955.718414,18523.210899,43472.397272,194.993423,191.272644,4.535629,0.81485,0.012212
332,332,512,0,0,1,1,1,3,3,2,1,1968.969421,1764.481392,1.115891,1968.969421,14618.760189,4669.800897,193.542648,83.845978,109.697128,0.000458,0.055713
332,332,512,0,0,1,1,1,3,3,2,1,1968.969421,1764.481392,1.115891,1968.969421,14618.760189,4669.800897,193.542648,83.845978,109.697128,0.000458,0.055713
335,335,356,316,331,2,2,3,3,19,6,2,2371.28988,1903.32774,1.245865,5327.008294,25817.638759,43100.999784,190.457794,164.911804,26.162064,0.616074,0.011033
335,335,356,316,331,2,2,3,3,19,6,2,2371.28988,1903.32774,1.245865,5327.008294,25817.638759,43100.999784,190.457794,164.911804,26.162064,0.616074,0.011033
336,336,345,73,326,4,4,64,1,30,128,7,2312.096709,1026.671176,2.252032,73615.563907,968698.381331,74809.716569,190.180603,179.765732,10.415329,0.000458,0.004505
336,336,345,73,326,4,4,64,1,30,128,7,2312.096709,1026.671176,2.252032,73615.563907,968698.381331,74809.716569,190.180603,179.765732,10.415329,0.000458,0.004505
339,339,521,217,163,2,2,2,2,5,4,2,2542.465035,2097.81576,1.211958,4210.16306,16424.678293,12260.645651,183.858704,67.538208,117.753937,1.433441,0.046315
339,339,521,217,163,2,2,2,2,5,4,2,2542.465035,2097.81576,1.211958,4210.16306,16424.678293,12260.645651,183.858704,67.538208,117.753937,1.433441,0.046315
340,340,461,0,0,1,1,1,3,13,2,1,1059.527856,942.099166,1.124646,1059.527856,35769.19064,24863.641612,183.468063,100.766762,82.701759,0.000458,0.078055
340,340,461,0,0,1,1,1,3,13,2,1,1059.527856,942.099166,1.124646,1059.527856,35769.19064,24863.641612,183.468063,100.766762,82.701759,0.000458,0.078055
341,341,420,0,0,1,1,1,3,12,2,1,1272.558903,1102.578758,1.154166,1272.558903,5861.680146,24306.706298,182.397781,129.922989,53.636658,1.161865,0.042149
341,341,420,0,0,1,1,1,3,12,2,1,1272.558903,1102.578758,1.154166,1272.558903,5861.680146,24306.706298,182.397781,129.922989,53.636658,1.161865,0.042149
342,342,457,0,0,1,1,1,3,17,2,1,3271.674317,2857.064996,1.145117,3271.674317,37010.631898,38612.529985,181.267334,110.328949,70.939034,0.000648,0.021683
342,342,457,0,0,1,1,1,3,17,2,1,3271.674317,2857.064996,1.145117,3271.674317,37010.631898,38612.529985,181.267334,110.328949,70.939034,0.000648,0.021683
343,343,348,321,298,2,3,3,2,16,6,2,1261.625982,993.566249,1.269796,4973.725064,26768.556294,32541.949736,181.050049,170.583359,10.467346,0.000656,0.008297
343,343,348,321,298,2,3,3,2,16,6,2,1261.625982,993.566249,1.269796,4973.725064,26768.556294,32541.949736,181.050049,170.583359,10.467346,0.000656,0.008297
344,344,462,0,0,1,1,1,2,17,2,1,1560.244606,1263.076475,1.235273,1560.244606,3601.702167,37169.572906,180.136566,102.591042,80.074478,2.528954,0.051322
344,344,462,0,0,1,1,1,2,17,2,1,1560.244606,1263.076475,1.235273,1560.244606,3601.702167,37169.572906,180.136566,102.591042,80.074478,2.528954,0.051322
345,345,352,229,336,4,4,65,1,29,130,7,3729.43636,1676.200695,2.224934,77345.000268,997589.286428,72497.61986,179.765274,166.03299,13.732941,0.000656,0.003682
345,345,352,229,336,4,4,65,1,29,130,7,3729.43636,1676.200695,2.224934,77345.000268,997589.286428,72497.61986,179.765274,166.03299,13.732941,0.000656,0.003682
346,346,357,319,67,3,3,14,2,22,28,4,2232.913489,1875.675019,1.190459,28016.929588,201737.430646,51526.631448,177.58075,154.701736,22.888458,0.009445,0.01025
346,346,357,319,67,3,3,14,2,22,28,4,2232.913489,1875.675019,1.190459,28016.929588,201737.430646,51526.631448,177.58075,154.701736,22.888458,0.009445,0.01025
348,348,349,278,343,2,3,4,2,15,8,3,1050.470728,746.54656,1.407107,6024.195792,30692.765254,31280.323755,170.582703,169.933655,0.649506,0.000458,0.000618
348,348,349,278,343,2,3,4,2,15,8,3,1050.470728,746.54656,1.407107,6024.195792,30692.765254,31280.323755,170.582703,169.933655,0.649506,0.000458,0.000618
349,349,458,348,268,2,3,5,2,14,10,3,5348.874137,4128.088594,1.295727,11373.069929,64713.93217,30229.853027,169.933197,106.538803,63.395042,0.000648,0.011852
349,349,458,348,268,2,3,5,2,14,10,3,5348.874137,4128.088594,1.295727,11373.069929,64713.93217,30229.853027,169.933197,106.538803,63.395042,0.000648,0.011852
350,350,386,317,297,2,2,6,2,24,12,3,3263.394167,2409.854147,1.354187,21948.225132,88648.729447,62359.004527,169.148529,153.515167,15.844452,0.21109,0.004855
350,350,386,317,297,2,2,6,2,24,12,3,3263.394167,2409.854147,1.354187,21948.225132,88648.729447,62359.004527,169.148529,153.515167,15.844452,0.21109,0.004855
351,351,464,0,0,1,1,1,2,15,2,1,3324.46313,2435.304224,1.365112,3324.46313,281483.011592,32171.329228,168.214737,90.968201,77.247185,0.000648,0.023236
351,351,464,0,0,1,1,1,2,15,2,1,3324.46313,2435.304224,1.365112,3324.46313,281483.011592,32171.329228,168.214737,90.968201,77.247185,0.000648,0.023236
352,352,353,267,345,4,4,69,1,28,138,7,1867.920359,1546.721245,1.207665,79212.920627,1053685.076628,68768.183499,166.032333,165.468018,0.564774,0.000458,0.000302
352,352,353,267,345,4,4,69,1,28,138,7,1867.920359,1546.721245,1.207665,79212.920627,1053685.076628,68768.183499,166.032333,165.468018,0.564774,0.000458,0.000302
353,353,355,233,352,4,4,70,1,27,140,7,3204.200997,2429.57611,1.318831,82417.121623,1082315.5313,66900.26314,165.46756,164.386246,1.08197,0.000656,0.000338
353,353,355,233,352,4,4,70,1,27,140,7,3204.200997,2429.57611,1.318831,82417.121623,1082315.5313,66900.26314,165.46756,164.386246,1.08197,0.000656,0.000338
354,354,420,0,0,1,2,1,2,12,2,1,1349.089352,1208.967559,1.115902,1349.089352,6950.663753,24383.236747,164.807953,129.54892,36.046829,0.787796,0.026719
354,354,420,0,0,1,2,1,2,12,2,1,1349.089352,1208.967559,1.115902,1349.089352,6950.663753,24383.236747,164.807953,129.54892,36.046829,0.787796,0.026719
355,355,358,353,264,4,4,72,1,26,144,7,2507.790478,1957.105661,1.281377,84924.912101,902338.022432,63696.062144,164.38559,154.229919,10.156128,0.000458,0.00405
355,355,358,353,264,4,4,72,1,26,144,7,2507.790478,1957.105661,1.281377,84924.912101,902338.022432,63696.062144,164.38559,154.229919,10.156128,0.000458,0.00405
356,356,388,320,335,3,3,6,2,18,12,3,2355.828394,2032.540706,1.159056,9862.184386,54724.249605,40729.709904,164.295731,149.249619,15.04657,0.000458,0.006387
356,356,388,320,335,3,3,6,2,18,12,3,2355.828394,2032.540706,1.159056,9862.184386,54724.249605,40729.709904,164.295731,149.249619,15.04657,0.000458,0.006387
357,357,390,203,346,3,3,15,2,21,30,4,1176.038405,1093.697081,1.075287,29192.967992,221281.723724,49293.717959,154.692291,144.838531,10.097015,0.243256,0.008586
357,357,390,203,346,3,3,15,2,21,30,4,1176.038405,1093.697081,1.075287,29192.967992,221281.723724,49293.717959,154.692291,144.838531,10.097015,0.243256,0.008586
358,358,377,259,355,4,4,74,1,25,148,7,1503.704207,1326.302526,1.133757,86428.616308,962850.469569,61188.271666,154.229462,153.357956,0.871964,0.000458,0.00058
358,358,377,259,355,4,4,74,1,25,148,7,1503.704207,1326.302526,1.133757,86428.616308,962850.469569,61188.271666,154.229462,153.357956,0.871964,0.000458,0.00058
377,377,386,215,358,4,4,75,1,24,150,7,588.957099,534.446003,1.101996,87017.573407,1147330.433636,59684.567459,153.357498,153.304733,0.053421,0.000656,9.1e-05
377,377,386,215,358,4,4,75,1,24,150,7,588.957099,534.446003,1.101996,87017.573407,1147330.433636,59684.567459,153.357498,153.304733,0.053421,0.000656,9.1e-05
386,386,401,350,377,4,4,81,1,23,162,7,4978.253628,3255.191272,1.529328,91995.827035,1263120.997923,59095.61036,153.304077,137.796432,15.551315,0.043671,0.003124
386,386,401,350,377,4,4,81,1,23,162,7,4978.253628,3255.191272,1.529328,91995.827035,1263120.997923,59095.61036,153.304077,137.796432,15.551315,0.043671,0.003124
388,388,457,281,356,3,3,7,2,17,14,3,3033.025842,1997.099261,1.518716,12895.210228,43935.22924,38373.88151,149.249161,110.328758,38.92086,0.000458,0.012832
388,388,457,281,356,3,3,7,2,17,14,3,3033.025842,1997.099261,1.518716,12895.210228,43935.22924,38373.88151,149.249161,110.328758,38.92086,0.000458,0.012832
389,389,405,0,0,1,1,1,3,15,2,1,918.498694,813.101967,1.129623,918.498694,3319.132138,29145.484722,149.234818,132.400162,16.834854,0.000198,0.018329
389,389,405,0,0,1,1,1,3,15,2,1,918.498694,813.101967,1.129623,918.498694,3319.132138,29145.484722,149.234818,132.400162,16.834854,0.000198,0.018329
390,390,395,322,357,3,3,17,2,20,34,5,815.573838,651.893758,1.251084,30008.54183,244686.705478,48117.679554,144.595276,138.944946,5.773346,0.123016,0.007079
390,390,395,322,357,3,3,17,2,20,34,5,815.573838,651.893758,1.251084,30008.54183,244686.705478,48117.679554,144.595276,138.944946,5.773346,0.123016,0.007079
391,391,516,0,0,1,1,1,2,10,2,1,2277.422153,1456.24427,1.563901,2277.422153,2532.239101,20016.261204,142.987701,78.473846,65.916016,1.402161,0.028943
391,391,516,0,0,1,1,1,2,10,2,1,2277.422153,1456.24427,1.563901,2277.422153,2532.239101,20016.261204,142.987701,78.473846,65.916016,1.402161,0.028943
392,392,419,0,0,1,1,1,2,21,2,1,481.503679,455.638105,1.056768,481.503679,977.549583,51570.363133,142.960983,131.317642,11.698349,0.055008,0.024295
392,392,419,0,0,1,1,1,2,21,2,1,481.503679,455.638105,1.056768,481.503679,977.549583,51570.363133,142.960983,131.317642,11.698349,0.055008,0.024295
395,395,414,30,390,3,3,18,2,19,36,5,2324.905423,1827.324259,1.2723,32333.447254,95878.058919,47302.105716,138.82193,132.137924,6.684464,0.000458,0.002875
395,395,414,30,390,3,3,18,2,19,36,5,2324.905423,1827.324259,1.2723,32333.447254,95878.058919,47302.105716,138.82193,132.137924,6.684464,0.000458,0.002875
396,396,466,0,0,1,1,1,2,13,2,1,507.898086,481.652725,1.05449,507.898086,590.42699,26851.502269,138.263947,92.850868,48.229797,2.816719,0.09496
396,396,466,0,0,1,1,1,2,13,2,1,507.898086,481.652725,1.05449,507.898086,590.42699,26851.502269,138.263947,92.850868,48.229797,2.816719,0.09496
401,401,402,386,239,4,4,82,1,22,164,7,764.660817,649.216565,1.177821,92760.487853,1274996.974221,54117.356732,137.752762,135.623444,2.129974,0.000656,0.002786
401,401,402,386,239,4,4,82,1,22,164,7,764.660817,649.216565,1.177821,92760.487853,1274996.974221,54117.356732,137.752762,135.623444,2.129974,0.000656,0.002786
402,402,419,401,188,4,4,83,1,21,166,7,2263.83646,1216.722033,1.860603,95024.324313,1284134.865319,53352.695915,135.622787,131.263092,4.360153,0.000458,0.001926
402,402,419,401,188,4,4,83,1,21,166,7,2263.83646,1216.722033,1.860603,95024.324313,1284134.865319,53352.695915,135.622787,131.263092,4.360153,0.000458,0.001926
404,404,432,0,0,1,1,1,4,15,2,1,568.967049,534.446003,1.064592,568.967049,3792.584042,27187.770057,135.084778,121.946487,13.4123,0.27401,0.023573
404,404,432,0,0,1,1,1,4,15,2,1,568.967049,534.446003,1.064592,568.967049,3792.584042,27187.770057,135.084778,121.946487,13.4123,0.27401,0.023573
405,405,465,389,261,2,2,2,2,14,4,2,1258.97321,1074.417713,1.171773,3056.767477,271890.397948,28226.986028,132.399963,90.045174,42.35498,0.000191,0.033642
405,405,465,389,261,2,2,2,2,14,4,2,1258.97321,1074.417713,1.171773,3056.767477,271890.397948,28226.986028,132.399963,90.045174,42.35498,0.000191,0.033642
414,414,450,395,178,3,3,19,2,18,38,5,5195.036261,2366.976465,2.194798,37528.483514,346317.715593,44977.200293,132.137466,111.236763,20.901352,0.000648,0.004023
414,414,450,395,178,3,3,19,2,18,38,5,5195.036261,2366.976465,2.194798,37528.483514,346317.715593,44977.200293,132.137466,111.236763,20.901352,0.000648,0.004023
419,419,421,392,402,4,4,84,1,20,168,7,1454.666979,1145.95505,1.269393,96478.991292,1289429.850491,51088.859454,131.262634,128.528748,2.734543,0.000656,0.00188
419,419,421,392,402,4,4,84,1,20,168,7,1454.666979,1145.95505,1.269393,96478.991292,1289429.850491,51088.859454,131.262634,128.528748,2.734543,0.000656,0.00188
420,420,515,341,354,2,2,2,2,11,4,2,3579.350069,3273.864161,1.093311,4928.439421,12392.281815,23034.147395,128.761124,82.347412,48.774734,2.361023,0.013627
420,420,515,341,354,2,2,2,2,11,4,2,3579.350069,3273.864161,1.093311,4928.439421,12392.281815,23034.147395,128.761124,82.347412,48.774734,2.361023,0.013627
421,421,449,318,419,4,4,85,1,19,170,7,8711.441574,4369.05173,1.993898,105190.432866,1306505.431209,49634.192475,128.528091,111.580444,17.134819,0.187172,0.001967
421,421,449,318,419,4,4,85,1,19,170,7,8711.441574,4369.05173,1.993898,105190.432866,1306505.431209,49634.192475,128.528091,111.580444,17.134819,0.187172,0.001967
432,432,458,404,289,2,2,2,3,14,4,2,1737.824118,1409.817156,1.232659,4330.425194,21451.788312,26618.803008,121.672478,106.538803,15.134323,0.000648,0.008709
432,432,458,404,289,2,2,2,3,14,4,2,1737.824118,1409.817156,1.232659,4330.425194,21451.788312,26618.803008,121.672478,106.538803,15.134323,0.000648,0.008709
448,448,518,0,0,1,1,1,2,8,2,1,472.44655,417.332214,1.132063,472.44655,3176.35345,13795.272829,111.869995,72.194145,40.475288,0.799438,0.085672
448,448,518,0,0,1,1,1,2,8,2,1,472.44655,417.332214,1.132063,472.44655,3176.35345,13795.272829,111.869995,72.194145,40.475288,0.799438,0.085672
449,449,450,421,280,4,4,86,1,18,172,7,1140.586869,865.800916,1.317378,106331.019735,1252988.132092,40922.750901,111.393272,111.236572,0.157158,0.000458,0.000138
449,449,450,421,280,4,4,86,1,18,172,7,1140.586869,865.800916,1.317378,106331.019735,1252988.132092,40922.750901,111.393272,111.236572,0.157158,0.000458,0.000138
450,450,462,414,449,4,4,105,1,17,210,7,4172.835732,3083.969293,1.353073,110503.855467,1619944.890251,39782.164032,111.236115,100.23436,11.174026,0.172272,0.002678
450,450,462,414,449,4,4,105,1,17,210,7,4172.835732,3083.969293,1.353073,110503.855467,1619944.890251,39782.164032,111.236115,100.23436,11.174026,0.172272,0.002678
457,457,463,342,388,3,3,8,2,16,16,4,854.776959,743.273243,1.150017,13749.987187,88766.723288,35340.855668,110.3283,98.011101,12.493492,0.176292,0.014616
457,457,463,342,388,3,3,8,2,16,16,4,854.776959,743.273243,1.150017,13749.987187,88766.723288,35340.855668,110.3283,98.011101,12.493492,0.176292,0.014616
458,458,461,432,349,3,3,7,2,13,14,3,1076.865134,886.867778,1.214234,12449.935063,37963.753636,24880.97889,106.538155,100.766953,5.771851,0.000648,0.00536
458,458,461,432,349,3,3,7,2,13,14,3,1076.865134,886.867778,1.214234,12449.935063,37963.753636,24880.97889,106.538155,100.766953,5.771851,0.000648,0.00536
461,461,503,458,340,3,3,8,2,12,16,4,2313.972502,1382.875492,1.673305,14763.907565,537318.665467,23804.113756,100.766304,86.338028,14.428925,0.000648,0.006236
461,461,503,458,340,3,3,8,2,12,16,4,2313.972502,1382.875492,1.673305,14763.907565,537318.665467,23804.113756,100.766304,86.338028,14.428925,0.000648,0.006236
462,462,463,344,450,4,4,106,1,16,212,7,1123.249591,1001.597315,1.121458,111627.105058,1703241.473889,35609.3283,100.062088,97.835266,2.22728,0.000458,0.001983
462,462,463,344,450,4,4,106,1,16,212,7,1123.249591,1001.597315,1.121458,111627.105058,1703241.473889,35609.3283,100.062088,97.835266,2.22728,0.000458,0.001983
463,463,464,457,462,4,4,114,1,15,228,7,5639.212611,3506.584108,1.608178,117266.31767,1585420.786746,34486.078709,97.834808,90.96801,6.867256,0.000458,0.001218
463,463,464,457,462,4,4,114,1,15,228,7,5639.212611,3506.584108,1.608178,117266.31767,1585420.786746,34486.078709,97.834808,90.96801,6.867256,0.000458,0.001218
464,464,465,351,463,4,4,115,1,14,230,7,1878.85328,1428.715366,1.315065,119145.17095,1743598.498629,28846.866097,90.967552,90.045441,0.922569,0.000458,0.000491
464,464,465,351,463,4,4,115,1,14,230,7,1878.85328,1428.715366,1.315065,119145.17095,1743598.498629,28846.866097,90.967552,90.045441,0.922569,0.000458,0.000491
465,465,466,464,405,4,4,117,1,13,234,7,624.408634,609.362199,1.024692,119769.579583,1492430.597301,26968.012817,90.044983,90.034798,0.010834,0.000648,1.7e-05
465,465,466,464,405,4,4,117,1,13,234,7,624.408634,609.362199,1.024692,119769.579583,1492430.597301,26968.012817,90.044983,90.034798,0.010834,0.000648,1.7e-05
466,466,503,465,396,4,4,118,1,12,236,7,4853.46293,3338.657715,1.453717,124623.042514,1313796.051243,26343.604184,90.034149,86.337837,3.69677,0.000458,0.000762
466,466,503,465,396,4,4,118,1,12,236,7,4853.46293,3338.657715,1.453717,124623.042514,1313796.051243,26343.604184,90.034149,86.337837,3.69677,0.000458,0.000762
503,503,515,461,466,4,4,126,1,11,252,7,2035.343928,1521.059991,1.338109,126658.386441,1596321.95387,21490.141253,86.337379,79.987038,6.35099,0.000648,0.00312
503,503,515,461,466,4,4,126,1,11,252,7,2035.343928,1521.059991,1.338109,126658.386441,1596321.95387,21490.141253,86.337379,79.987038,6.35099,0.000648,0.00312
512,512,526,247,332,2,2,2,2,2,4,2,879.295573,822.049127,1.069639,3661.186061,15617.800357,2700.831475,83.84552,63.666447,23.615814,3.436741,0.026858
512,512,526,247,332,2,2,2,2,2,4,2,879.295573,822.049127,1.069639,3661.186061,15617.800357,2700.831475,83.84552,63.666447,23.615814,3.436741,0.026858
515,515,516,420,503,4,4,128,1,10,256,8,1715.958275,1566.858779,1.095158,128374.344717,1895264.086976,19454.797326,79.986389,77.072144,2.914703,0.000458,0.001699
515,515,516,420,503,4,4,128,1,10,256,8,1715.958275,1566.858779,1.095158,128374.344717,1895264.086976,19454.797326,79.986389,77.072144,2.914703,0.000458,0.001699
516,516,517,391,515,4,4,129,1,9,258,8,250.358375,263.944068,0.948528,128624.703091,1900740.836251,17738.839051,77.071686,76.482941,0.667603,0.078857,0.002667
516,516,517,391,515,4,4,129,1,9,258,8,250.358375,263.944068,0.948528,128624.703091,1900740.836251,17738.839051,77.071686,76.482941,0.667603,0.078857,0.002667
517,517,518,516,330,4,4,133,1,8,266,8,4165.654397,3627.670926,1.1483,132790.357488,1876452.267441,17488.480676,76.404083,71.395355,5.009377,0.000648,0.001203
517,517,518,516,330,4,4,133,1,8,266,8,4165.654397,3627.670926,1.1483,132790.357488,1876452.267441,17488.480676,76.404083,71.395355,5.009377,0.000648,0.001203
518,518,519,517,448,4,4,134,1,7,268,8,1206.961376,1139.859501,1.058869,133997.318864,1979761.897836,13322.826279,71.394707,69.228523,2.166641,0.000458,0.001795
518,518,519,517,448,4,4,134,1,7,268,8,1206.961376,1139.859501,1.058869,133997.318864,1979761.897836,13322.826279,71.394707,69.228523,2.166641,0.000458,0.001795
519,519,520,262,518,4,4,135,1,6,270,8,1639.427826,1426.275201,1.149447,135636.74669,1989343.845865,12115.864903,69.228065,67.121124,2.169067,0.062126,0.001323
519,519,520,262,518,4,4,135,1,6,270,8,1639.427826,1426.275201,1.149447,135636.74669,1989343.845865,12115.864903,69.228065,67.121124,2.169067,0.062126,0.001323
520,520,521,519,232,4,4,136,1,5,272,8,758.25646,692.821755,1.094447,136395.00315,2008478.798323,10476.437077,67.058998,66.105225,0.954231,0.000458,0.001258
520,520,521,519,232,4,4,136,1,5,272,8,758.25646,692.821755,1.094447,136395.00315,2008478.798323,10476.437077,67.058998,66.105225,0.954231,0.000458,0.001258
521,521,522,520,339,4,4,138,1,4,276,8,1476.532821,1304.054659,1.132263,137871.535972,2021593.918665,9718.180617,66.104767,64.228622,1.876793,0.000648,0.001271
521,521,522,520,339,4,4,138,1,4,276,8,1476.532821,1304.054659,1.132263,137871.535972,2021593.918665,9718.180617,66.104767,64.228622,1.876793,0.000648,0.001271
522,522,523,329,521,4,4,139,1,3,278,8,4079.744984,2949.803758,1.383056,141951.280956,1338224.339978,8241.647795,64.227974,61.037567,3.197392,0.006985,0.000784
522,522,523,329,521,4,4,139,1,3,278,8,4079.744984,2949.803758,1.383056,141951.280956,1338224.339978,8241.647795,64.227974,61.037567,3.197392,0.006985,0.000784
523,523,526,522,301,4,4,140,1,2,280,8,2340.366909,1822.934629,1.283846,144291.647865,2069675.823156,4161.902811,61.030582,60.230358,0.800877,0.000652,0.000342
523,523,526,522,301,4,4,140,1,2,280,8,2340.366909,1822.934629,1.283846,144291.647865,2069675.823156,4161.902811,61.030582,60.230358,0.800877,0.000652,0.000342
526,526,-1,512,523,4,4,142,1,1,284,8,1821.535902,1688.004342,1.079106,146113.183767,2017320.624095,1821.535902,60.229706,60.13636,0.093346,0,5.1e-05
526,526,-1,512,523,4,4,142,1,1,284,8,1821.535902,1688.004342,1.079106,146113.183767,2017320.624095,1821.535902,60.229706,60.13636,0.093346,0,5.1e-05
0,,,,,,,,,,,,,,,,,,,,,,
